2026-03-14 13:44:14,713 [Worker-6] INFO  o.e.m.c.i.p.ProjectConfigurationManager - Collecting project info '/pom.xml' F:\Ashish\Final\123\pom.xml
2026-03-14 13:44:19,030 [Worker-6] INFO  o.e.m.c.i.l.LifecycleMappingFactory - Using org.eclipse.m2e.jdt.JarLifecycleMapping lifecycle mapping for MavenProject: Testid:123:0.0.1-SNAPSHOT @ F:\Ashish\Final\123\pom.xml.
2026-03-14 13:44:20,415 [Worker-6] INFO  o.e.m.j.i.AbstractJavaProjectConfigurator - Adding source folder /123/src/main/java
2026-03-14 13:44:20,420 [Worker-6] INFO  o.e.m.j.i.AbstractJavaProjectConfigurator - Adding source folder /123/src/test/java
2026-03-14 13:44:21,071 [Worker-6] INFO  o.e.m.c.i.p.ProjectConfigurationManager - Imported and configured 1 project(s) in 6 sec
2026-03-14 13:44:21,437 [Worker-2] INFO  o.e.m.c.i.embedder.EclipseLogger - Using 'UTF-8' encoding to copy filtered resources.
2026-03-14 13:44:21,439 [Worker-2] INFO  o.e.m.c.i.embedder.EclipseLogger - skip non existing resourceDirectory F:\Ashish\Final\123\src\main\resources
2026-03-14 13:44:21,440 [Worker-2] INFO  o.e.m.c.i.embedder.EclipseLogger - Using 'UTF-8' encoding to copy filtered resources.
2026-03-14 13:44:21,440 [Worker-2] INFO  o.e.m.c.i.embedder.EclipseLogger - skip non existing resourceDirectory F:\Ashish\Final\123\src\test\resources
2026-03-14 13:44:43,674 [Worker-1] INFO  o.e.m.c.i.embedder.EclipseLogger - Using 'UTF-8' encoding to copy filtered resources.
2026-03-14 13:44:43,676 [Worker-1] INFO  o.e.m.c.i.embedder.EclipseLogger - skip non existing resourceDirectory F:\Ashish\Final\123\src\main\resources
2026-03-14 13:44:43,676 [Worker-1] INFO  o.e.m.c.i.embedder.EclipseLogger - Using 'UTF-8' encoding to copy filtered resources.
2026-03-14 13:44:43,676 [Worker-1] INFO  o.e.m.c.i.embedder.EclipseLogger - skip non existing resourceDirectory F:\Ashish\Final\123\src\test\resources
2026-03-14 13:44:44,781 [Worker-0] INFO  o.e.m.c.i.embedder.EclipseLogger - Using 'UTF-8' encoding to copy filtered resources.
2026-03-14 13:44:44,781 [Worker-0] INFO  o.e.m.c.i.embedder.EclipseLogger - skip non existing resourceDirectory F:\Ashish\Final\123\src\main\resources
2026-03-14 13:44:44,782 [Worker-0] INFO  o.e.m.c.i.embedder.EclipseLogger - Using 'UTF-8' encoding to copy filtered resources.
2026-03-14 13:44:44,782 [Worker-0] INFO  o.e.m.c.i.embedder.EclipseLogger - skip non existing resourceDirectory F:\Ashish\Final\123\src\test\resources
2026-03-14 13:45:05,409 [Worker-1] INFO  o.e.m.c.i.embedder.EclipseLogger - Using 'UTF-8' encoding to copy filtered resources.
2026-03-14 13:45:05,409 [Worker-1] INFO  o.e.m.c.i.embedder.EclipseLogger - skip non existing resourceDirectory F:\Ashish\Final\123\src\main\resources
2026-03-14 13:45:05,409 [Worker-1] INFO  o.e.m.c.i.embedder.EclipseLogger - Using 'UTF-8' encoding to copy filtered resources.
2026-03-14 13:45:05,409 [Worker-1] INFO  o.e.m.c.i.embedder.EclipseLogger - skip non existing resourceDirectory F:\Ashish\Final\123\src\test\resources
2026-03-14 13:46:01,331 [Worker-9] INFO  o.e.m.c.i.embedder.EclipseLogger - Using 'UTF-8' encoding to copy filtered resources.
2026-03-14 13:46:01,331 [Worker-9] INFO  o.e.m.c.i.embedder.EclipseLogger - skip non existing resourceDirectory F:\Ashish\Final\123\src\main\resources
2026-03-14 13:46:01,331 [Worker-9] INFO  o.e.m.c.i.embedder.EclipseLogger - Using 'UTF-8' encoding to copy filtered resources.
2026-03-14 13:46:01,331 [Worker-9] INFO  o.e.m.c.i.embedder.EclipseLogger - skip non existing resourceDirectory F:\Ashish\Final\123\src\test\resources
2026-03-14 13:50:44,493 [Worker-5] INFO  o.e.m.c.i.embedder.EclipseLogger - Using 'UTF-8' encoding to copy filtered resources.
2026-03-14 13:50:44,493 [Worker-5] INFO  o.e.m.c.i.embedder.EclipseLogger - skip non existing resourceDirectory F:\Ashish\Final\123\src\main\resources
2026-03-14 13:50:44,493 [Worker-5] INFO  o.e.m.c.i.embedder.EclipseLogger - Using 'UTF-8' encoding to copy filtered resources.
2026-03-14 13:50:44,493 [Worker-5] INFO  o.e.m.c.i.embedder.EclipseLogger - skip non existing resourceDirectory F:\Ashish\Final\123\src\test\resources
2026-03-14 13:54:57,082 [Worker-3] INFO  o.e.m.c.i.l.LifecycleMappingFactory - Using org.eclipse.m2e.jdt.JarLifecycleMapping lifecycle mapping for MavenProject: Testid:123:0.0.1-SNAPSHOT @ F:\Ashish\Final\123\pom.xml.
2026-03-14 13:54:58,229 [Worker-3] INFO  o.e.m.c.i.e.AbstractTransferListenerAdapter - Downloaded https://repo.maven.apache.org/maven2/org/seleniumhq/selenium/selenium-java/3.10.0/selenium-java-3.10.0.pom
2026-03-14 13:54:58,771 [Worker-3] INFO  o.e.m.c.i.e.AbstractTransferListenerAdapter - Downloaded https://repo.maven.apache.org/maven2/org/seleniumhq/selenium/selenium-api/3.10.0/selenium-api-3.10.0.pom
2026-03-14 13:54:59,635 [Worker-3] INFO  o.e.m.c.i.e.AbstractTransferListenerAdapter - Downloaded https://repo.maven.apache.org/maven2/org/seleniumhq/selenium/selenium-chrome-driver/3.10.0/selenium-chrome-driver-3.10.0.pom
2026-03-14 13:54:59,986 [Worker-3] INFO  o.e.m.c.i.e.AbstractTransferListenerAdapter - Downloaded https://repo.maven.apache.org/maven2/org/seleniumhq/selenium/selenium-remote-driver/3.10.0/selenium-remote-driver-3.10.0.pom
2026-03-14 13:55:00,799 [Worker-3] INFO  o.e.m.c.i.e.AbstractTransferListenerAdapter - Downloaded https://repo.maven.apache.org/maven2/net/bytebuddy/byte-buddy/1.7.9/byte-buddy-1.7.9.pom
2026-03-14 13:55:01,135 [Worker-3] INFO  o.e.m.c.i.e.AbstractTransferListenerAdapter - Downloaded https://repo.maven.apache.org/maven2/net/bytebuddy/byte-buddy-parent/1.7.9/byte-buddy-parent-1.7.9.pom
2026-03-14 13:55:01,331 [Worker-3] INFO  o.e.m.c.i.e.AbstractTransferListenerAdapter - Downloaded https://repo.maven.apache.org/maven2/commons-codec/commons-codec/1.10/commons-codec-1.10.pom
2026-03-14 13:55:01,645 [Worker-3] INFO  o.e.m.c.i.e.AbstractTransferListenerAdapter - Downloaded https://repo.maven.apache.org/maven2/com/google/code/gson/gson/2.8.2/gson-2.8.2.pom
2026-03-14 13:55:02,028 [Worker-3] INFO  o.e.m.c.i.e.AbstractTransferListenerAdapter - Downloaded https://repo.maven.apache.org/maven2/com/google/code/gson/gson-parent/2.8.2/gson-parent-2.8.2.pom
2026-03-14 13:55:02,595 [Worker-3] INFO  o.e.m.c.i.e.AbstractTransferListenerAdapter - Downloaded https://repo.maven.apache.org/maven2/com/google/guava/guava/23.6-jre/guava-23.6-jre.pom
2026-03-14 13:55:02,931 [Worker-3] INFO  o.e.m.c.i.e.AbstractTransferListenerAdapter - Downloaded https://repo.maven.apache.org/maven2/com/google/guava/guava-parent/23.6-jre/guava-parent-23.6-jre.pom
2026-03-14 13:55:03,367 [Worker-3] INFO  o.e.m.c.i.e.AbstractTransferListenerAdapter - Downloaded https://repo.maven.apache.org/maven2/org/apache/httpcomponents/httpclient/4.5.3/httpclient-4.5.3.pom
2026-03-14 13:55:03,606 [Worker-3] INFO  o.e.m.c.i.e.AbstractTransferListenerAdapter - Downloaded https://repo.maven.apache.org/maven2/org/apache/httpcomponents/httpcomponents-client/4.5.3/httpcomponents-client-4.5.3.pom
2026-03-14 13:55:03,737 [Worker-3] INFO  o.e.m.c.i.e.AbstractTransferListenerAdapter - Downloaded https://repo.maven.apache.org/maven2/org/apache/httpcomponents/project/7/project-7.pom
2026-03-14 13:55:04,268 [Worker-3] INFO  o.e.m.c.i.e.AbstractTransferListenerAdapter - Downloaded https://repo.maven.apache.org/maven2/org/apache/httpcomponents/httpcore/4.4.6/httpcore-4.4.6.pom
2026-03-14 13:55:04,511 [Worker-3] INFO  o.e.m.c.i.e.AbstractTransferListenerAdapter - Downloaded https://repo.maven.apache.org/maven2/org/apache/httpcomponents/httpcomponents-core/4.4.6/httpcomponents-core-4.4.6.pom
2026-03-14 13:55:04,638 [Worker-3] INFO  o.e.m.c.i.e.AbstractTransferListenerAdapter - Downloaded https://repo.maven.apache.org/maven2/commons-codec/commons-codec/1.9/commons-codec-1.9.pom
2026-03-14 13:55:04,870 [Worker-3] INFO  o.e.m.c.i.e.AbstractTransferListenerAdapter - Downloaded https://repo.maven.apache.org/maven2/org/apache/commons/commons-parent/32/commons-parent-32.pom
2026-03-14 13:55:05,212 [Worker-3] INFO  o.e.m.c.i.e.AbstractTransferListenerAdapter - Downloaded https://repo.maven.apache.org/maven2/com/squareup/okhttp3/okhttp/3.9.1/okhttp-3.9.1.pom
2026-03-14 13:55:05,542 [Worker-3] INFO  o.e.m.c.i.e.AbstractTransferListenerAdapter - Downloaded https://repo.maven.apache.org/maven2/com/squareup/okhttp3/parent/3.9.1/parent-3.9.1.pom
2026-03-14 13:55:06,040 [Worker-3] INFO  o.e.m.c.i.e.AbstractTransferListenerAdapter - Downloaded https://repo.maven.apache.org/maven2/com/squareup/okio/okio/1.13.0/okio-1.13.0.pom
2026-03-14 13:55:06,297 [Worker-3] INFO  o.e.m.c.i.e.AbstractTransferListenerAdapter - Downloaded https://repo.maven.apache.org/maven2/com/squareup/okio/okio-parent/1.13.0/okio-parent-1.13.0.pom
2026-03-14 13:55:06,564 [Worker-3] INFO  o.e.m.c.i.e.AbstractTransferListenerAdapter - Downloaded https://repo.maven.apache.org/maven2/org/seleniumhq/selenium/selenium-edge-driver/3.10.0/selenium-edge-driver-3.10.0.pom
2026-03-14 13:55:07,463 [Worker-3] INFO  o.e.m.c.i.e.AbstractTransferListenerAdapter - Downloaded https://repo.maven.apache.org/maven2/org/seleniumhq/selenium/selenium-firefox-driver/3.10.0/selenium-firefox-driver-3.10.0.pom
2026-03-14 13:55:08,123 [Worker-3] INFO  o.e.m.c.i.e.AbstractTransferListenerAdapter - Downloaded https://repo.maven.apache.org/maven2/org/seleniumhq/selenium/selenium-ie-driver/3.10.0/selenium-ie-driver-3.10.0.pom
2026-03-14 13:55:08,927 [Worker-3] INFO  o.e.m.c.i.e.AbstractTransferListenerAdapter - Downloaded https://repo.maven.apache.org/maven2/org/seleniumhq/selenium/selenium-opera-driver/3.10.0/selenium-opera-driver-3.10.0.pom
2026-03-14 13:55:09,626 [Worker-3] INFO  o.e.m.c.i.e.AbstractTransferListenerAdapter - Downloaded https://repo.maven.apache.org/maven2/org/seleniumhq/selenium/selenium-safari-driver/3.10.0/selenium-safari-driver-3.10.0.pom
2026-03-14 13:55:09,959 [Worker-3] INFO  o.e.m.c.i.e.AbstractTransferListenerAdapter - Downloaded https://repo.maven.apache.org/maven2/org/seleniumhq/selenium/selenium-support/3.10.0/selenium-support-3.10.0.pom
2026-03-14 13:55:10,472 [Worker-3] INFO  o.e.m.c.i.e.AbstractTransferListenerAdapter - Downloading https://repo.maven.apache.org/maven2/org/seleniumhq/selenium/selenium-java/3.10.0/selenium-java-3.10.0.jar
2026-03-14 13:55:10,688 [Worker-3] INFO  o.e.m.c.i.e.AbstractTransferListenerAdapter - Downloaded https://repo.maven.apache.org/maven2/org/seleniumhq/selenium/selenium-java/3.10.0/selenium-java-3.10.0.jar
2026-03-14 13:55:11,039 [Worker-3] INFO  o.e.m.c.i.e.AbstractTransferListenerAdapter - Downloading https://repo.maven.apache.org/maven2/org/seleniumhq/selenium/selenium-api/3.10.0/selenium-api-3.10.0.jar
2026-03-14 13:55:11,248 [Worker-3] INFO  o.e.m.c.i.e.AbstractTransferListenerAdapter - Downloaded https://repo.maven.apache.org/maven2/org/seleniumhq/selenium/selenium-api/3.10.0/selenium-api-3.10.0.jar
2026-03-14 13:55:11,386 [Worker-3] INFO  o.e.m.c.i.e.AbstractTransferListenerAdapter - Downloading https://repo.maven.apache.org/maven2/org/seleniumhq/selenium/selenium-chrome-driver/3.10.0/selenium-chrome-driver-3.10.0.jar
2026-03-14 13:55:11,637 [Worker-3] INFO  o.e.m.c.i.e.AbstractTransferListenerAdapter - Downloaded https://repo.maven.apache.org/maven2/org/seleniumhq/selenium/selenium-chrome-driver/3.10.0/selenium-chrome-driver-3.10.0.jar
2026-03-14 13:55:11,949 [Worker-3] INFO  o.e.m.c.i.e.AbstractTransferListenerAdapter - Downloading https://repo.maven.apache.org/maven2/org/seleniumhq/selenium/selenium-edge-driver/3.10.0/selenium-edge-driver-3.10.0.jar
2026-03-14 13:55:12,148 [Worker-3] INFO  o.e.m.c.i.e.AbstractTransferListenerAdapter - Downloaded https://repo.maven.apache.org/maven2/org/seleniumhq/selenium/selenium-edge-driver/3.10.0/selenium-edge-driver-3.10.0.jar
2026-03-14 13:55:12,577 [Worker-3] INFO  o.e.m.c.i.e.AbstractTransferListenerAdapter - Downloading https://repo.maven.apache.org/maven2/org/seleniumhq/selenium/selenium-firefox-driver/3.10.0/selenium-firefox-driver-3.10.0.jar
2026-03-14 13:55:13,065 [Worker-3] INFO  o.e.m.c.i.e.AbstractTransferListenerAdapter - Downloaded https://repo.maven.apache.org/maven2/org/seleniumhq/selenium/selenium-firefox-driver/3.10.0/selenium-firefox-driver-3.10.0.jar
2026-03-14 13:55:13,424 [Worker-3] INFO  o.e.m.c.i.e.AbstractTransferListenerAdapter - Downloading https://repo.maven.apache.org/maven2/org/seleniumhq/selenium/selenium-ie-driver/3.10.0/selenium-ie-driver-3.10.0.jar
2026-03-14 13:55:13,695 [Worker-3] INFO  o.e.m.c.i.e.AbstractTransferListenerAdapter - Downloaded https://repo.maven.apache.org/maven2/org/seleniumhq/selenium/selenium-ie-driver/3.10.0/selenium-ie-driver-3.10.0.jar
2026-03-14 13:55:14,031 [Worker-3] INFO  o.e.m.c.i.e.AbstractTransferListenerAdapter - Downloading https://repo.maven.apache.org/maven2/org/seleniumhq/selenium/selenium-opera-driver/3.10.0/selenium-opera-driver-3.10.0.jar
2026-03-14 13:55:14,174 [Worker-3] INFO  o.e.m.c.i.e.AbstractTransferListenerAdapter - Downloaded https://repo.maven.apache.org/maven2/org/seleniumhq/selenium/selenium-opera-driver/3.10.0/selenium-opera-driver-3.10.0.jar
2026-03-14 13:55:14,514 [Worker-3] INFO  o.e.m.c.i.e.AbstractTransferListenerAdapter - Downloading https://repo.maven.apache.org/maven2/org/seleniumhq/selenium/selenium-remote-driver/3.10.0/selenium-remote-driver-3.10.0.jar
2026-03-14 13:55:14,738 [Worker-3] INFO  o.e.m.c.i.e.AbstractTransferListenerAdapter - Downloaded https://repo.maven.apache.org/maven2/org/seleniumhq/selenium/selenium-remote-driver/3.10.0/selenium-remote-driver-3.10.0.jar
2026-03-14 13:55:15,050 [Worker-3] INFO  o.e.m.c.i.e.AbstractTransferListenerAdapter - Downloading https://repo.maven.apache.org/maven2/org/seleniumhq/selenium/selenium-safari-driver/3.10.0/selenium-safari-driver-3.10.0.jar
2026-03-14 13:55:15,581 [Worker-3] INFO  o.e.m.c.i.e.AbstractTransferListenerAdapter - Downloaded https://repo.maven.apache.org/maven2/org/seleniumhq/selenium/selenium-safari-driver/3.10.0/selenium-safari-driver-3.10.0.jar
2026-03-14 13:55:15,702 [Worker-3] INFO  o.e.m.c.i.e.AbstractTransferListenerAdapter - Downloading https://repo.maven.apache.org/maven2/org/seleniumhq/selenium/selenium-support/3.10.0/selenium-support-3.10.0.jar
2026-03-14 13:55:16,112 [Worker-3] INFO  o.e.m.c.i.e.AbstractTransferListenerAdapter - Downloaded https://repo.maven.apache.org/maven2/org/seleniumhq/selenium/selenium-support/3.10.0/selenium-support-3.10.0.jar
2026-03-14 13:55:16,244 [Worker-3] INFO  o.e.m.c.i.e.AbstractTransferListenerAdapter - Downloading https://repo.maven.apache.org/maven2/net/bytebuddy/byte-buddy/1.7.9/byte-buddy-1.7.9.jar
2026-03-14 13:55:16,927 [Worker-3] INFO  o.e.m.c.i.e.AbstractTransferListenerAdapter - Downloaded https://repo.maven.apache.org/maven2/net/bytebuddy/byte-buddy/1.7.9/byte-buddy-1.7.9.jar
2026-03-14 13:55:16,975 [Worker-3] INFO  o.e.m.c.i.e.AbstractTransferListenerAdapter - Downloading https://repo.maven.apache.org/maven2/commons-codec/commons-codec/1.10/commons-codec-1.10.jar
2026-03-14 13:55:17,172 [Worker-3] INFO  o.e.m.c.i.e.AbstractTransferListenerAdapter - Downloaded https://repo.maven.apache.org/maven2/commons-codec/commons-codec/1.10/commons-codec-1.10.jar
2026-03-14 13:55:17,218 [Worker-3] INFO  o.e.m.c.i.e.AbstractTransferListenerAdapter - Downloading https://repo.maven.apache.org/maven2/com/google/code/gson/gson/2.8.2/gson-2.8.2.jar
2026-03-14 13:55:17,411 [Worker-3] INFO  o.e.m.c.i.e.AbstractTransferListenerAdapter - Downloaded https://repo.maven.apache.org/maven2/com/google/code/gson/gson/2.8.2/gson-2.8.2.jar
2026-03-14 13:55:17,455 [Worker-3] INFO  o.e.m.c.i.e.AbstractTransferListenerAdapter - Downloading https://repo.maven.apache.org/maven2/com/google/guava/guava/23.6-jre/guava-23.6-jre.jar
2026-03-14 13:55:17,940 [Worker-3] INFO  o.e.m.c.i.e.AbstractTransferListenerAdapter - Downloaded https://repo.maven.apache.org/maven2/com/google/guava/guava/23.6-jre/guava-23.6-jre.jar
2026-03-14 13:55:17,972 [Worker-3] INFO  o.e.m.c.i.e.AbstractTransferListenerAdapter - Downloading https://repo.maven.apache.org/maven2/org/apache/httpcomponents/httpclient/4.5.3/httpclient-4.5.3.jar
2026-03-14 13:55:18,306 [Worker-3] INFO  o.e.m.c.i.e.AbstractTransferListenerAdapter - Downloaded https://repo.maven.apache.org/maven2/org/apache/httpcomponents/httpclient/4.5.3/httpclient-4.5.3.jar
2026-03-14 13:55:18,345 [Worker-3] INFO  o.e.m.c.i.e.AbstractTransferListenerAdapter - Downloading https://repo.maven.apache.org/maven2/org/apache/httpcomponents/httpcore/4.4.6/httpcore-4.4.6.jar
2026-03-14 13:55:18,584 [Worker-3] INFO  o.e.m.c.i.e.AbstractTransferListenerAdapter - Downloaded https://repo.maven.apache.org/maven2/org/apache/httpcomponents/httpcore/4.4.6/httpcore-4.4.6.jar
2026-03-14 13:55:18,696 [Worker-3] INFO  o.e.m.c.i.e.AbstractTransferListenerAdapter - Downloading https://repo.maven.apache.org/maven2/com/squareup/okhttp3/okhttp/3.9.1/okhttp-3.9.1.jar
2026-03-14 13:55:18,968 [Worker-3] INFO  o.e.m.c.i.e.AbstractTransferListenerAdapter - Downloaded https://repo.maven.apache.org/maven2/com/squareup/okhttp3/okhttp/3.9.1/okhttp-3.9.1.jar
2026-03-14 13:55:19,032 [Worker-3] INFO  o.e.m.c.i.e.AbstractTransferListenerAdapter - Downloading https://repo.maven.apache.org/maven2/com/squareup/okio/okio/1.13.0/okio-1.13.0.jar
2026-03-14 13:55:19,399 [Worker-3] INFO  o.e.m.c.i.e.AbstractTransferListenerAdapter - Downloaded https://repo.maven.apache.org/maven2/com/squareup/okio/okio/1.13.0/okio-1.13.0.jar
2026-03-14 13:55:20,871 [Worker-3] INFO  o.e.m.c.i.embedder.EclipseLogger - Using 'UTF-8' encoding to copy filtered resources.
2026-03-14 13:55:20,871 [Worker-3] INFO  o.e.m.c.i.embedder.EclipseLogger - skip non existing resourceDirectory F:\Ashish\Final\123\src\main\resources
2026-03-14 13:55:20,871 [Worker-3] INFO  o.e.m.c.i.embedder.EclipseLogger - Using 'UTF-8' encoding to copy filtered resources.
2026-03-14 13:55:20,871 [Worker-3] INFO  o.e.m.c.i.embedder.EclipseLogger - skip non existing resourceDirectory F:\Ashish\Final\123\src\test\resources
2026-03-14 13:55:22,302 [Worker-7] INFO  o.e.m.c.i.embedder.EclipseLogger - Using 'UTF-8' encoding to copy filtered resources.
2026-03-14 13:55:22,310 [Worker-7] INFO  o.e.m.c.i.embedder.EclipseLogger - skip non existing resourceDirectory F:\Ashish\Final\123\src\main\resources
2026-03-14 13:55:22,311 [Worker-7] INFO  o.e.m.c.i.embedder.EclipseLogger - Using 'UTF-8' encoding to copy filtered resources.
2026-03-14 13:55:22,311 [Worker-7] INFO  o.e.m.c.i.embedder.EclipseLogger - skip non existing resourceDirectory F:\Ashish\Final\123\src\test\resources
2026-03-14 13:57:52,110 [Worker-3] INFO  o.e.m.c.i.p.ProjectConfigurationManager - Update started
2026-03-14 13:57:52,420 [Worker-3] INFO  o.e.m.c.i.l.LifecycleMappingFactory - Using org.eclipse.m2e.jdt.JarLifecycleMapping lifecycle mapping for MavenProject: Testid:123:0.0.1-SNAPSHOT @ F:\Ashish\Final\123\pom.xml.
2026-03-14 13:57:52,612 [Worker-3] INFO  o.e.m.j.i.AbstractJavaProjectConfigurator - Adding source folder /123/src/main/java
2026-03-14 13:57:52,612 [Worker-3] INFO  o.e.m.j.i.AbstractJavaProjectConfigurator - Adding source folder /123/src/test/java
2026-03-14 13:57:52,669 [Worker-3] INFO  o.e.m.c.i.p.ProjectConfigurationManager - Update completed: 0 sec
2026-03-14 13:57:52,892 [Worker-4] INFO  o.e.m.c.i.embedder.EclipseLogger - Using 'UTF-8' encoding to copy filtered resources.
2026-03-14 13:57:52,892 [Worker-4] INFO  o.e.m.c.i.embedder.EclipseLogger - skip non existing resourceDirectory F:\Ashish\Final\123\src\main\resources
2026-03-14 13:57:52,894 [Worker-4] INFO  o.e.m.c.i.embedder.EclipseLogger - Using 'UTF-8' encoding to copy filtered resources.
2026-03-14 13:57:52,894 [Worker-4] INFO  o.e.m.c.i.embedder.EclipseLogger - skip non existing resourceDirectory F:\Ashish\Final\123\src\test\resources
2026-03-14 13:58:29,005 [Worker-2] INFO  o.e.m.c.i.embedder.EclipseLogger - Using 'UTF-8' encoding to copy filtered resources.
2026-03-14 13:58:29,005 [Worker-2] INFO  o.e.m.c.i.embedder.EclipseLogger - skip non existing resourceDirectory F:\Ashish\Final\123\src\main\resources
2026-03-14 13:58:29,007 [Worker-2] INFO  o.e.m.c.i.embedder.EclipseLogger - Using 'UTF-8' encoding to copy filtered resources.
2026-03-14 13:58:29,007 [Worker-2] INFO  o.e.m.c.i.embedder.EclipseLogger - skip non existing resourceDirectory F:\Ashish\Final\123\src\test\resources
2026-03-14 13:59:11,303 [Worker-6] WARN  o.e.r.models.ModelRepository - Failed to download org.eclipse.recommenders:index::zip:0.0.0
org.eclipse.aether.resolution.ArtifactResolutionException: Could not find artifact org.eclipse.recommenders:index:zip:0.0.0-SNAPSHOT in models (http://download.eclipse.org/recommenders/models/neon/)
	at org.eclipse.aether.internal.impl.DefaultArtifactResolver.resolve(DefaultArtifactResolver.java:444) ~[na:na]
	at org.eclipse.aether.internal.impl.DefaultArtifactResolver.resolveArtifacts(DefaultArtifactResolver.java:246) ~[na:na]
	at org.eclipse.aether.internal.impl.DefaultArtifactResolver.resolveArtifact(DefaultArtifactResolver.java:223) ~[na:na]
	at org.eclipse.aether.internal.impl.DefaultRepositorySystem.resolveArtifact(DefaultRepositorySystem.java:294) ~[na:na]
	at org.eclipse.recommenders.models.ModelRepository.resolveInternal(ModelRepository.java:193) [org.eclipse.recommenders.models_2.4.6.v20170307-1041.jar:na]
	at org.eclipse.recommenders.models.ModelRepository.resolve(ModelRepository.java:172) [org.eclipse.recommenders.models_2.4.6.v20170307-1041.jar:na]
	at org.eclipse.recommenders.internal.models.rcp.EclipseModelRepository.resolve(EclipseModelRepository.java:169) [org.eclipse.recommenders.models.rcp_2.4.6.v20170307-1041.jar:na]
	at org.eclipse.recommenders.internal.models.rcp.DownloadModelArchiveJob.run(DownloadModelArchiveJob.java:76) [org.eclipse.recommenders.models.rcp_2.4.6.v20170307-1041.jar:na]
	at org.eclipse.core.internal.jobs.Worker.run(Worker.java:55) [org.eclipse.core.jobs_3.8.0.v20160509-0411.jar:na]
Caused by: org.eclipse.aether.transfer.ArtifactNotFoundException: Could not find artifact org.eclipse.recommenders:index:zip:0.0.0-SNAPSHOT in models (http://download.eclipse.org/recommenders/models/neon/)
	at org.eclipse.aether.connector.basic.ArtifactTransportListener.transferFailed(ArtifactTransportListener.java:39) ~[org.eclipse.aether.connector.basic_1.0.1.v20141111.jar:na]
	at org.eclipse.aether.connector.basic.BasicRepositoryConnector$TaskRunner.run(BasicRepositoryConnector.java:355) ~[org.eclipse.aether.connector.basic_1.0.1.v20141111.jar:na]
	at org.eclipse.aether.util.concurrency.RunnableErrorForwarder$1.run(RunnableErrorForwarder.java:67) ~[na:na]
	at org.eclipse.aether.connector.basic.BasicRepositoryConnector$DirectExecutor.execute(BasicRepositoryConnector.java:581) ~[org.eclipse.aether.connector.basic_1.0.1.v20141111.jar:na]
	at org.eclipse.aether.connector.basic.BasicRepositoryConnector.get(BasicRepositoryConnector.java:249) ~[org.eclipse.aether.connector.basic_1.0.1.v20141111.jar:na]
	at org.eclipse.aether.internal.impl.DefaultArtifactResolver.performDownloads(DefaultArtifactResolver.java:520) ~[na:na]
	at org.eclipse.aether.internal.impl.DefaultArtifactResolver.resolve(DefaultArtifactResolver.java:421) ~[na:na]
	... 8 common frames omitted
2026-03-14 13:59:29,177 [Worker-9] INFO  o.e.m.c.i.embedder.EclipseLogger - Using 'UTF-8' encoding to copy filtered resources.
2026-03-14 13:59:29,177 [Worker-9] INFO  o.e.m.c.i.embedder.EclipseLogger - skip non existing resourceDirectory F:\Ashish\Final\123\src\main\resources
2026-03-14 13:59:29,177 [Worker-9] INFO  o.e.m.c.i.embedder.EclipseLogger - Using 'UTF-8' encoding to copy filtered resources.
2026-03-14 13:59:29,179 [Worker-9] INFO  o.e.m.c.i.embedder.EclipseLogger - skip non existing resourceDirectory F:\Ashish\Final\123\src\test\resources
2026-03-14 14:06:00,663 [Worker-9] INFO  o.e.m.c.i.l.LifecycleMappingFactory - Using org.eclipse.m2e.jdt.JarLifecycleMapping lifecycle mapping for MavenProject: Testid:123:0.0.1-SNAPSHOT @ F:\Ashish\Final\123\pom.xml.
2026-03-14 14:06:01,433 [Worker-9] INFO  o.e.m.c.i.e.AbstractTransferListenerAdapter - Downloaded https://repo.maven.apache.org/maven2/io/rest-assured/rest-assured/5.4.0/rest-assured-5.4.0.pom
2026-03-14 14:06:01,647 [Worker-9] INFO  o.e.m.c.i.e.AbstractTransferListenerAdapter - Downloaded https://repo.maven.apache.org/maven2/io/rest-assured/rest-assured-parent/5.4.0/rest-assured-parent-5.4.0.pom
2026-03-14 14:06:02,096 [Worker-9] INFO  o.e.m.c.i.e.AbstractTransferListenerAdapter - Downloaded https://repo.maven.apache.org/maven2/org/apache/groovy/groovy/4.0.16/groovy-4.0.16.pom
2026-03-14 14:06:02,387 [Worker-9] INFO  o.e.m.c.i.e.AbstractTransferListenerAdapter - Downloaded https://repo.maven.apache.org/maven2/org/apache/groovy/groovy-bom/4.0.16/groovy-bom-4.0.16.pom
2026-03-14 14:06:02,629 [Worker-9] INFO  o.e.m.c.i.e.AbstractTransferListenerAdapter - Downloaded https://repo.maven.apache.org/maven2/org/apache/groovy/groovy-xml/4.0.16/groovy-xml-4.0.16.pom
2026-03-14 14:06:03,146 [Worker-9] INFO  o.e.m.c.i.e.AbstractTransferListenerAdapter - Downloaded https://repo.maven.apache.org/maven2/io/rest-assured/json-path/5.4.0/json-path-5.4.0.pom
2026-03-14 14:06:03,406 [Worker-9] INFO  o.e.m.c.i.e.AbstractTransferListenerAdapter - Downloaded https://repo.maven.apache.org/maven2/org/apache/groovy/groovy-json/4.0.16/groovy-json-4.0.16.pom
2026-03-14 14:06:03,635 [Worker-9] INFO  o.e.m.c.i.e.AbstractTransferListenerAdapter - Downloaded https://repo.maven.apache.org/maven2/io/rest-assured/rest-assured-common/5.4.0/rest-assured-common-5.4.0.pom
2026-03-14 14:06:04,165 [Worker-9] INFO  o.e.m.c.i.e.AbstractTransferListenerAdapter - Downloaded https://repo.maven.apache.org/maven2/io/rest-assured/xml-path/5.4.0/xml-path-5.4.0.pom
2026-03-14 14:06:04,664 [Worker-9] INFO  o.e.m.c.i.e.AbstractTransferListenerAdapter - Downloaded https://repo.maven.apache.org/maven2/com/fasterxml/jackson/core/jackson-databind/2.20.1/jackson-databind-2.20.1.pom
2026-03-14 14:06:04,914 [Worker-9] INFO  o.e.m.c.i.e.AbstractTransferListenerAdapter - Downloaded https://repo.maven.apache.org/maven2/com/fasterxml/jackson/jackson-base/2.20.1/jackson-base-2.20.1.pom
2026-03-14 14:06:05,137 [Worker-9] INFO  o.e.m.c.i.e.AbstractTransferListenerAdapter - Downloaded https://repo.maven.apache.org/maven2/com/fasterxml/jackson/jackson-bom/2.20.1/jackson-bom-2.20.1.pom
2026-03-14 14:06:05,282 [Worker-9] INFO  o.e.m.c.i.e.AbstractTransferListenerAdapter - Downloaded https://repo.maven.apache.org/maven2/com/fasterxml/jackson/jackson-parent/2.20/jackson-parent-2.20.pom
2026-03-14 14:06:05,426 [Worker-9] INFO  o.e.m.c.i.e.AbstractTransferListenerAdapter - Downloaded https://repo.maven.apache.org/maven2/com/fasterxml/oss-parent/70/oss-parent-70.pom
2026-03-14 14:06:05,593 [Worker-9] INFO  o.e.m.c.i.e.AbstractTransferListenerAdapter - Downloaded https://repo.maven.apache.org/maven2/org/junit/junit-bom/5.13.4/junit-bom-5.13.4.pom
2026-03-14 14:06:05,750 [Worker-9] INFO  o.e.m.c.i.e.AbstractTransferListenerAdapter - Downloaded https://repo.maven.apache.org/maven2/com/fasterxml/jackson/core/jackson-annotations/2.20/jackson-annotations-2.20.pom
2026-03-14 14:06:06,009 [Worker-9] INFO  o.e.m.c.i.e.AbstractTransferListenerAdapter - Downloaded https://repo.maven.apache.org/maven2/com/fasterxml/jackson/core/jackson-core/2.20.1/jackson-core-2.20.1.pom
2026-03-14 14:06:06,097 [Worker-9] INFO  o.e.m.c.i.e.AbstractTransferListenerAdapter - Downloading https://repo.maven.apache.org/maven2/io/rest-assured/rest-assured/5.4.0/rest-assured-5.4.0.jar
2026-03-14 14:06:06,458 [Worker-9] INFO  o.e.m.c.i.e.AbstractTransferListenerAdapter - Downloaded https://repo.maven.apache.org/maven2/io/rest-assured/rest-assured/5.4.0/rest-assured-5.4.0.jar
2026-03-14 14:06:06,525 [Worker-9] INFO  o.e.m.c.i.e.AbstractTransferListenerAdapter - Downloading https://repo.maven.apache.org/maven2/org/apache/groovy/groovy/4.0.16/groovy-4.0.16.jar
2026-03-14 14:06:08,235 [Worker-9] INFO  o.e.m.c.i.e.AbstractTransferListenerAdapter - Downloaded https://repo.maven.apache.org/maven2/org/apache/groovy/groovy/4.0.16/groovy-4.0.16.jar
2026-03-14 14:06:08,296 [Worker-9] INFO  o.e.m.c.i.e.AbstractTransferListenerAdapter - Downloading https://repo.maven.apache.org/maven2/org/apache/groovy/groovy-xml/4.0.16/groovy-xml-4.0.16.jar
2026-03-14 14:06:08,788 [Worker-9] INFO  o.e.m.c.i.e.AbstractTransferListenerAdapter - Downloaded https://repo.maven.apache.org/maven2/org/apache/groovy/groovy-xml/4.0.16/groovy-xml-4.0.16.jar
2026-03-14 14:06:08,857 [Worker-9] INFO  o.e.m.c.i.e.AbstractTransferListenerAdapter - Downloading https://repo.maven.apache.org/maven2/io/rest-assured/json-path/5.4.0/json-path-5.4.0.jar
2026-03-14 14:06:09,029 [Worker-9] INFO  o.e.m.c.i.e.AbstractTransferListenerAdapter - Downloaded https://repo.maven.apache.org/maven2/io/rest-assured/json-path/5.4.0/json-path-5.4.0.jar
2026-03-14 14:06:09,161 [Worker-9] INFO  o.e.m.c.i.e.AbstractTransferListenerAdapter - Downloading https://repo.maven.apache.org/maven2/org/apache/groovy/groovy-json/4.0.16/groovy-json-4.0.16.jar
2026-03-14 14:06:09,601 [Worker-9] INFO  o.e.m.c.i.e.AbstractTransferListenerAdapter - Downloaded https://repo.maven.apache.org/maven2/org/apache/groovy/groovy-json/4.0.16/groovy-json-4.0.16.jar
2026-03-14 14:06:09,996 [Worker-9] INFO  o.e.m.c.i.e.AbstractTransferListenerAdapter - Downloading https://repo.maven.apache.org/maven2/io/rest-assured/rest-assured-common/5.4.0/rest-assured-common-5.4.0.jar
2026-03-14 14:06:10,198 [Worker-9] INFO  o.e.m.c.i.e.AbstractTransferListenerAdapter - Downloaded https://repo.maven.apache.org/maven2/io/rest-assured/rest-assured-common/5.4.0/rest-assured-common-5.4.0.jar
2026-03-14 14:06:10,254 [Worker-9] INFO  o.e.m.c.i.e.AbstractTransferListenerAdapter - Downloading https://repo.maven.apache.org/maven2/io/rest-assured/xml-path/5.4.0/xml-path-5.4.0.jar
2026-03-14 14:06:10,421 [Worker-9] INFO  o.e.m.c.i.e.AbstractTransferListenerAdapter - Downloaded https://repo.maven.apache.org/maven2/io/rest-assured/xml-path/5.4.0/xml-path-5.4.0.jar
2026-03-14 14:06:10,480 [Worker-9] INFO  o.e.m.c.i.e.AbstractTransferListenerAdapter - Downloading https://repo.maven.apache.org/maven2/com/fasterxml/jackson/core/jackson-databind/2.20.1/jackson-databind-2.20.1.jar
2026-03-14 14:06:11,132 [Worker-9] INFO  o.e.m.c.i.e.AbstractTransferListenerAdapter - Downloaded https://repo.maven.apache.org/maven2/com/fasterxml/jackson/core/jackson-databind/2.20.1/jackson-databind-2.20.1.jar
2026-03-14 14:06:11,196 [Worker-9] INFO  o.e.m.c.i.e.AbstractTransferListenerAdapter - Downloading https://repo.maven.apache.org/maven2/com/fasterxml/jackson/core/jackson-annotations/2.20/jackson-annotations-2.20.jar
2026-03-14 14:06:11,265 [Worker-9] INFO  o.e.m.c.i.e.AbstractTransferListenerAdapter - Downloaded https://repo.maven.apache.org/maven2/com/fasterxml/jackson/core/jackson-annotations/2.20/jackson-annotations-2.20.jar
2026-03-14 14:06:11,322 [Worker-9] INFO  o.e.m.c.i.e.AbstractTransferListenerAdapter - Downloading https://repo.maven.apache.org/maven2/com/fasterxml/jackson/core/jackson-core/2.20.1/jackson-core-2.20.1.jar
2026-03-14 14:06:12,001 [Worker-9] INFO  o.e.m.c.i.e.AbstractTransferListenerAdapter - Downloaded https://repo.maven.apache.org/maven2/com/fasterxml/jackson/core/jackson-core/2.20.1/jackson-core-2.20.1.jar
2026-03-14 14:06:12,833 [Worker-9] INFO  o.e.m.c.i.embedder.EclipseLogger - Using 'UTF-8' encoding to copy filtered resources.
2026-03-14 14:06:12,833 [Worker-9] INFO  o.e.m.c.i.embedder.EclipseLogger - skip non existing resourceDirectory F:\Ashish\Final\123\src\main\resources
2026-03-14 14:06:12,833 [Worker-9] INFO  o.e.m.c.i.embedder.EclipseLogger - Using 'UTF-8' encoding to copy filtered resources.
2026-03-14 14:06:12,833 [Worker-9] INFO  o.e.m.c.i.embedder.EclipseLogger - skip non existing resourceDirectory F:\Ashish\Final\123\src\test\resources
2026-03-14 14:06:13,373 [Worker-10] INFO  o.e.m.c.i.embedder.EclipseLogger - Using 'UTF-8' encoding to copy filtered resources.
2026-03-14 14:06:13,373 [Worker-10] INFO  o.e.m.c.i.embedder.EclipseLogger - skip non existing resourceDirectory F:\Ashish\Final\123\src\main\resources
2026-03-14 14:06:13,373 [Worker-10] INFO  o.e.m.c.i.embedder.EclipseLogger - Using 'UTF-8' encoding to copy filtered resources.
2026-03-14 14:06:13,373 [Worker-10] INFO  o.e.m.c.i.embedder.EclipseLogger - skip non existing resourceDirectory F:\Ashish\Final\123\src\test\resources
2026-03-14 14:07:00,154 [Worker-9] INFO  o.e.m.c.i.embedder.EclipseLogger - Using 'UTF-8' encoding to copy filtered resources.
2026-03-14 14:07:00,154 [Worker-9] INFO  o.e.m.c.i.embedder.EclipseLogger - skip non existing resourceDirectory F:\Ashish\Final\123\src\main\resources
2026-03-14 14:07:00,155 [Worker-9] INFO  o.e.m.c.i.embedder.EclipseLogger - Using 'UTF-8' encoding to copy filtered resources.
2026-03-14 14:07:00,155 [Worker-9] INFO  o.e.m.c.i.embedder.EclipseLogger - skip non existing resourceDirectory F:\Ashish\Final\123\src\test\resources
2026-03-14 14:11:02,664 [Worker-7] INFO  o.e.m.c.i.l.LifecycleMappingFactory - Using org.eclipse.m2e.jdt.JarLifecycleMapping lifecycle mapping for MavenProject: Testid:123:0.0.1-SNAPSHOT @ F:\Ashish\Final\123\pom.xml.
2026-03-14 14:11:03,105 [Worker-7] INFO  o.e.m.c.i.e.AbstractTransferListenerAdapter - Downloaded https://repo.maven.apache.org/maven2/org/testng/testng/6.9.10/testng-6.9.10.pom
2026-03-14 14:11:03,245 [Worker-7] INFO  o.e.m.c.i.e.AbstractTransferListenerAdapter - Downloaded https://repo.maven.apache.org/maven2/com/beust/jcommander/1.48/jcommander-1.48.pom
2026-03-14 14:11:03,396 [Worker-7] INFO  o.e.m.c.i.e.AbstractTransferListenerAdapter - Downloaded https://repo.maven.apache.org/maven2/org/sonatype/oss/oss-parent/3/oss-parent-3.pom
2026-03-14 14:11:03,533 [Worker-7] INFO  o.e.m.c.i.e.AbstractTransferListenerAdapter - Downloaded https://repo.maven.apache.org/maven2/org/beanshell/bsh/2.0b4/bsh-2.0b4.pom
2026-03-14 14:11:03,745 [Worker-7] INFO  o.e.m.c.i.e.AbstractTransferListenerAdapter - Downloaded https://repo.maven.apache.org/maven2/org/beanshell/beanshell/2.0b4/beanshell-2.0b4.pom
2026-03-14 14:11:03,856 [Worker-7] INFO  o.e.m.c.i.e.AbstractTransferListenerAdapter - Downloading https://repo.maven.apache.org/maven2/org/testng/testng/6.9.10/testng-6.9.10.jar
2026-03-14 14:11:04,206 [Worker-7] INFO  o.e.m.c.i.e.AbstractTransferListenerAdapter - Downloaded https://repo.maven.apache.org/maven2/org/testng/testng/6.9.10/testng-6.9.10.jar
2026-03-14 14:11:04,274 [Worker-7] INFO  o.e.m.c.i.e.AbstractTransferListenerAdapter - Downloading https://repo.maven.apache.org/maven2/com/beust/jcommander/1.48/jcommander-1.48.jar
2026-03-14 14:11:04,348 [Worker-7] INFO  o.e.m.c.i.e.AbstractTransferListenerAdapter - Downloaded https://repo.maven.apache.org/maven2/com/beust/jcommander/1.48/jcommander-1.48.jar
2026-03-14 14:11:04,428 [Worker-7] INFO  o.e.m.c.i.e.AbstractTransferListenerAdapter - Downloading https://repo.maven.apache.org/maven2/org/beanshell/bsh/2.0b4/bsh-2.0b4.jar
2026-03-14 14:11:04,556 [Worker-7] INFO  o.e.m.c.i.e.AbstractTransferListenerAdapter - Downloaded https://repo.maven.apache.org/maven2/org/beanshell/bsh/2.0b4/bsh-2.0b4.jar
2026-03-14 14:11:04,854 [Worker-7] INFO  o.e.m.c.i.embedder.EclipseLogger - Using 'UTF-8' encoding to copy filtered resources.
2026-03-14 14:11:04,854 [Worker-7] INFO  o.e.m.c.i.embedder.EclipseLogger - skip non existing resourceDirectory F:\Ashish\Final\123\src\main\resources
2026-03-14 14:11:04,859 [Worker-7] INFO  o.e.m.c.i.embedder.EclipseLogger - Using 'UTF-8' encoding to copy filtered resources.
2026-03-14 14:11:04,859 [Worker-7] INFO  o.e.m.c.i.embedder.EclipseLogger - skip non existing resourceDirectory F:\Ashish\Final\123\src\test\resources
2026-03-14 14:11:06,224 [Worker-5] INFO  o.e.m.c.i.embedder.EclipseLogger - Using 'UTF-8' encoding to copy filtered resources.
2026-03-14 14:11:06,224 [Worker-5] INFO  o.e.m.c.i.embedder.EclipseLogger - skip non existing resourceDirectory F:\Ashish\Final\123\src\main\resources
2026-03-14 14:11:06,225 [Worker-5] INFO  o.e.m.c.i.embedder.EclipseLogger - Using 'UTF-8' encoding to copy filtered resources.
2026-03-14 14:11:06,225 [Worker-5] INFO  o.e.m.c.i.embedder.EclipseLogger - skip non existing resourceDirectory F:\Ashish\Final\123\src\test\resources
2026-03-14 14:11:16,301 [Worker-2] INFO  o.e.m.c.i.l.LifecycleMappingFactory - Using org.eclipse.m2e.jdt.JarLifecycleMapping lifecycle mapping for MavenProject: Testid:123:0.0.1-SNAPSHOT @ F:\Ashish\Final\123\pom.xml.
2026-03-14 14:11:16,558 [Worker-2] INFO  o.e.m.c.i.embedder.EclipseLogger - Using 'UTF-8' encoding to copy filtered resources.
2026-03-14 14:11:16,559 [Worker-2] INFO  o.e.m.c.i.embedder.EclipseLogger - skip non existing resourceDirectory F:\Ashish\Final\123\src\main\resources
2026-03-14 14:11:16,560 [Worker-2] INFO  o.e.m.c.i.embedder.EclipseLogger - Using 'UTF-8' encoding to copy filtered resources.
2026-03-14 14:11:16,561 [Worker-2] INFO  o.e.m.c.i.embedder.EclipseLogger - skip non existing resourceDirectory F:\Ashish\Final\123\src\test\resources
2026-03-14 14:11:17,866 [Worker-12] INFO  o.e.m.c.i.embedder.EclipseLogger - Using 'UTF-8' encoding to copy filtered resources.
2026-03-14 14:11:17,866 [Worker-12] INFO  o.e.m.c.i.embedder.EclipseLogger - skip non existing resourceDirectory F:\Ashish\Final\123\src\main\resources
2026-03-14 14:11:17,866 [Worker-12] INFO  o.e.m.c.i.embedder.EclipseLogger - Using 'UTF-8' encoding to copy filtered resources.
2026-03-14 14:11:17,866 [Worker-12] INFO  o.e.m.c.i.embedder.EclipseLogger - skip non existing resourceDirectory F:\Ashish\Final\123\src\test\resources
2026-03-14 14:12:27,618 [Worker-2] INFO  o.e.m.c.i.p.ProjectConfigurationManager - Update started
2026-03-14 14:12:27,841 [Worker-2] INFO  o.e.m.c.i.l.LifecycleMappingFactory - Using org.eclipse.m2e.jdt.JarLifecycleMapping lifecycle mapping for MavenProject: Testid:123:0.0.1-SNAPSHOT @ F:\Ashish\Final\123\pom.xml.
2026-03-14 14:12:28,020 [Worker-2] INFO  o.e.m.j.i.AbstractJavaProjectConfigurator - Adding source folder /123/src/main/java
2026-03-14 14:12:28,021 [Worker-2] INFO  o.e.m.j.i.AbstractJavaProjectConfigurator - Adding source folder /123/src/test/java
2026-03-14 14:12:28,084 [Worker-2] INFO  o.e.m.c.i.p.ProjectConfigurationManager - Update completed: 0 sec
2026-03-14 14:12:28,318 [Worker-7] INFO  o.e.m.c.i.embedder.EclipseLogger - Using 'UTF-8' encoding to copy filtered resources.
2026-03-14 14:12:28,318 [Worker-7] INFO  o.e.m.c.i.embedder.EclipseLogger - skip non existing resourceDirectory F:\Ashish\Final\123\src\main\resources
2026-03-14 14:12:28,319 [Worker-7] INFO  o.e.m.c.i.embedder.EclipseLogger - Using 'UTF-8' encoding to copy filtered resources.
2026-03-14 14:12:28,319 [Worker-7] INFO  o.e.m.c.i.embedder.EclipseLogger - skip non existing resourceDirectory F:\Ashish\Final\123\src\test\resources
2026-03-14 14:13:52,639 [Worker-0] INFO  o.e.m.c.i.p.ProjectConfigurationManager - Update started
2026-03-14 14:13:52,863 [Worker-0] INFO  o.e.m.c.i.l.LifecycleMappingFactory - Using org.eclipse.m2e.jdt.JarLifecycleMapping lifecycle mapping for MavenProject: Testid:123:0.0.1-SNAPSHOT @ F:\Ashish\Final\123\pom.xml.
2026-03-14 14:13:53,020 [Worker-0] INFO  o.e.m.j.i.AbstractJavaProjectConfigurator - Adding source folder /123/src/main/java
2026-03-14 14:13:53,020 [Worker-0] INFO  o.e.m.j.i.AbstractJavaProjectConfigurator - Adding source folder /123/src/test/java
2026-03-14 14:13:53,083 [Worker-0] INFO  o.e.m.c.i.p.ProjectConfigurationManager - Update completed: 0 sec
2026-03-14 14:13:53,301 [Worker-0] INFO  o.e.m.c.i.embedder.EclipseLogger - Using 'UTF-8' encoding to copy filtered resources.
2026-03-14 14:13:53,301 [Worker-0] INFO  o.e.m.c.i.embedder.EclipseLogger - skip non existing resourceDirectory F:\Ashish\Final\123\src\main\resources
2026-03-14 14:13:53,301 [Worker-0] INFO  o.e.m.c.i.embedder.EclipseLogger - Using 'UTF-8' encoding to copy filtered resources.
2026-03-14 14:13:53,301 [Worker-0] INFO  o.e.m.c.i.embedder.EclipseLogger - skip non existing resourceDirectory F:\Ashish\Final\123\src\test\resources
2026-03-14 14:14:17,749 [Worker-12] INFO  o.e.m.i.launch.MavenLaunchDelegate - F:\Ashish\Final\123
2026-03-14 14:14:17,751 [Worker-12] INFO  o.e.m.i.launch.MavenLaunchDelegate -  mvn -B clean
2026-03-14 14:14:19,131 [Worker-10] INFO  o.e.m.c.i.embedder.EclipseLogger - Using 'UTF-8' encoding to copy filtered resources.
2026-03-14 14:14:19,131 [Worker-10] INFO  o.e.m.c.i.embedder.EclipseLogger - skip non existing resourceDirectory F:\Ashish\Final\123\src\main\resources
2026-03-14 14:14:19,135 [Worker-10] INFO  o.e.m.c.i.embedder.EclipseLogger - Using 'UTF-8' encoding to copy filtered resources.
2026-03-14 14:14:19,135 [Worker-10] INFO  o.e.m.c.i.embedder.EclipseLogger - skip non existing resourceDirectory F:\Ashish\Final\123\src\test\resources
2026-03-14 14:14:29,003 [Worker-5] INFO  o.e.m.i.launch.MavenLaunchDelegate - F:\Ashish\Final\123
2026-03-14 14:14:29,003 [Worker-5] INFO  o.e.m.i.launch.MavenLaunchDelegate -  mvn -B test
2026-03-14 14:14:30,656 [Worker-1] INFO  o.e.m.c.i.embedder.EclipseLogger - Using 'UTF-8' encoding to copy filtered resources.
2026-03-14 14:14:30,656 [Worker-1] INFO  o.e.m.c.i.embedder.EclipseLogger - skip non existing resourceDirectory F:\Ashish\Final\123\src\main\resources
2026-03-14 14:14:30,656 [Worker-1] INFO  o.e.m.c.i.embedder.EclipseLogger - Using 'UTF-8' encoding to copy filtered resources.
2026-03-14 14:14:30,656 [Worker-1] INFO  o.e.m.c.i.embedder.EclipseLogger - skip non existing resourceDirectory F:\Ashish\Final\123\src\test\resources
2026-03-14 14:19:08,587 [Worker-3] INFO  o.e.m.c.i.embedder.EclipseLogger - Using 'UTF-8' encoding to copy filtered resources.
2026-03-14 14:19:08,587 [Worker-3] INFO  o.e.m.c.i.embedder.EclipseLogger - skip non existing resourceDirectory F:\Ashish\Final\123\src\main\resources
2026-03-14 14:19:08,587 [Worker-3] INFO  o.e.m.c.i.embedder.EclipseLogger - Using 'UTF-8' encoding to copy filtered resources.
2026-03-14 14:19:08,587 [Worker-3] INFO  o.e.m.c.i.embedder.EclipseLogger - skip non existing resourceDirectory F:\Ashish\Final\123\src\test\resources
2026-03-14 14:19:21,666 [Worker-3] INFO  o.e.m.i.launch.MavenLaunchDelegate - F:\Ashish\Final\123
2026-03-14 14:19:21,666 [Worker-3] INFO  o.e.m.i.launch.MavenLaunchDelegate -  mvn -B test
2026-03-14 14:19:23,531 [Worker-0] INFO  o.e.m.c.i.embedder.EclipseLogger - Using 'UTF-8' encoding to copy filtered resources.
2026-03-14 14:19:23,531 [Worker-0] INFO  o.e.m.c.i.embedder.EclipseLogger - skip non existing resourceDirectory F:\Ashish\Final\123\src\main\resources
2026-03-14 14:19:23,535 [Worker-0] INFO  o.e.m.c.i.embedder.EclipseLogger - Using 'UTF-8' encoding to copy filtered resources.
2026-03-14 14:19:23,535 [Worker-0] INFO  o.e.m.c.i.embedder.EclipseLogger - skip non existing resourceDirectory F:\Ashish\Final\123\src\test\resources
2026-03-14 14:20:23,124 [Worker-9] INFO  o.e.m.i.launch.MavenLaunchDelegate - F:\Ashish\Final\123
2026-03-14 14:20:23,124 [Worker-9] INFO  o.e.m.i.launch.MavenLaunchDelegate -  mvn -B test
2026-03-14 14:20:24,794 [Worker-4] INFO  o.e.m.c.i.embedder.EclipseLogger - Using 'UTF-8' encoding to copy filtered resources.
2026-03-14 14:20:24,794 [Worker-4] INFO  o.e.m.c.i.embedder.EclipseLogger - skip non existing resourceDirectory F:\Ashish\Final\123\src\main\resources
2026-03-14 14:20:24,794 [Worker-4] INFO  o.e.m.c.i.embedder.EclipseLogger - Using 'UTF-8' encoding to copy filtered resources.
2026-03-14 14:20:24,794 [Worker-4] INFO  o.e.m.c.i.embedder.EclipseLogger - skip non existing resourceDirectory F:\Ashish\Final\123\src\test\resources
2026-03-14 14:21:44,748 [Worker-12] INFO  o.e.m.c.i.p.ProjectConfigurationManager - Update started
2026-03-14 14:21:44,973 [Worker-12] INFO  o.e.m.c.i.l.LifecycleMappingFactory - Using org.eclipse.m2e.jdt.JarLifecycleMapping lifecycle mapping for MavenProject: Testid:123:0.0.1-SNAPSHOT @ F:\Ashish\Final\123\pom.xml.
2026-03-14 14:21:45,191 [Worker-12] INFO  o.e.m.j.i.AbstractJavaProjectConfigurator - Adding source folder /123/src/main/java
2026-03-14 14:21:45,191 [Worker-12] INFO  o.e.m.j.i.AbstractJavaProjectConfigurator - Adding source folder /123/src/test/java
2026-03-14 14:21:45,240 [Worker-12] INFO  o.e.m.c.i.p.ProjectConfigurationManager - Update completed: 0 sec
2026-03-14 14:21:45,479 [Worker-12] INFO  o.e.m.c.i.embedder.EclipseLogger - Using 'UTF-8' encoding to copy filtered resources.
2026-03-14 14:21:45,479 [Worker-12] INFO  o.e.m.c.i.embedder.EclipseLogger - skip non existing resourceDirectory F:\Ashish\Final\123\src\main\resources
2026-03-14 14:21:45,479 [Worker-12] INFO  o.e.m.c.i.embedder.EclipseLogger - Using 'UTF-8' encoding to copy filtered resources.
2026-03-14 14:21:45,479 [Worker-12] INFO  o.e.m.c.i.embedder.EclipseLogger - skip non existing resourceDirectory F:\Ashish\Final\123\src\test\resources
2026-03-14 14:21:53,844 [Worker-0] INFO  o.e.m.i.launch.MavenLaunchDelegate - F:\Ashish\Final\123
2026-03-14 14:21:53,844 [Worker-0] INFO  o.e.m.i.launch.MavenLaunchDelegate -  mvn -B clean
2026-03-14 14:21:54,966 [Worker-7] INFO  o.e.m.c.i.embedder.EclipseLogger - Using 'UTF-8' encoding to copy filtered resources.
2026-03-14 14:21:54,966 [Worker-7] INFO  o.e.m.c.i.embedder.EclipseLogger - skip non existing resourceDirectory F:\Ashish\Final\123\src\main\resources
2026-03-14 14:21:54,974 [Worker-7] INFO  o.e.m.c.i.embedder.EclipseLogger - Using 'UTF-8' encoding to copy filtered resources.
2026-03-14 14:21:54,974 [Worker-7] INFO  o.e.m.c.i.embedder.EclipseLogger - skip non existing resourceDirectory F:\Ashish\Final\123\src\test\resources
2026-03-14 14:21:58,417 [Worker-7] INFO  o.e.m.i.launch.MavenLaunchDelegate - F:\Ashish\Final\123
2026-03-14 14:21:58,417 [Worker-7] INFO  o.e.m.i.launch.MavenLaunchDelegate -  mvn -B test
2026-03-14 14:22:00,085 [Worker-13] INFO  o.e.m.c.i.embedder.EclipseLogger - Using 'UTF-8' encoding to copy filtered resources.
2026-03-14 14:22:00,085 [Worker-13] INFO  o.e.m.c.i.embedder.EclipseLogger - skip non existing resourceDirectory F:\Ashish\Final\123\src\main\resources
2026-03-14 14:22:00,085 [Worker-13] INFO  o.e.m.c.i.embedder.EclipseLogger - Using 'UTF-8' encoding to copy filtered resources.
2026-03-14 14:22:00,087 [Worker-13] INFO  o.e.m.c.i.embedder.EclipseLogger - skip non existing resourceDirectory F:\Ashish\Final\123\src\test\resources
2026-03-14 14:23:47,114 [Worker-4] INFO  o.e.m.c.i.embedder.EclipseLogger - Using 'UTF-8' encoding to copy filtered resources.
2026-03-14 14:23:47,114 [Worker-4] INFO  o.e.m.c.i.embedder.EclipseLogger - skip non existing resourceDirectory F:\Ashish\Final\123\src\main\resources
2026-03-14 14:23:47,116 [Worker-4] INFO  o.e.m.c.i.embedder.EclipseLogger - Using 'UTF-8' encoding to copy filtered resources.
2026-03-14 14:23:47,116 [Worker-4] INFO  o.e.m.c.i.embedder.EclipseLogger - skip non existing resourceDirectory F:\Ashish\Final\123\src\test\resources
2026-03-14 14:23:54,787 [Worker-7] INFO  o.e.m.i.launch.MavenLaunchDelegate - F:\Ashish\Final\123
2026-03-14 14:23:54,787 [Worker-7] INFO  o.e.m.i.launch.MavenLaunchDelegate -  mvn -B test
2026-03-14 14:23:56,456 [Worker-9] INFO  o.e.m.c.i.embedder.EclipseLogger - Using 'UTF-8' encoding to copy filtered resources.
2026-03-14 14:23:56,456 [Worker-9] INFO  o.e.m.c.i.embedder.EclipseLogger - skip non existing resourceDirectory F:\Ashish\Final\123\src\main\resources
2026-03-14 14:23:56,459 [Worker-9] INFO  o.e.m.c.i.embedder.EclipseLogger - Using 'UTF-8' encoding to copy filtered resources.
2026-03-14 14:23:56,459 [Worker-9] INFO  o.e.m.c.i.embedder.EclipseLogger - skip non existing resourceDirectory F:\Ashish\Final\123\src\test\resources
2026-03-14 14:27:23,703 [Worker-3] INFO  o.e.m.c.i.embedder.EclipseLogger - Using 'UTF-8' encoding to copy filtered resources.
2026-03-14 14:27:23,703 [Worker-3] INFO  o.e.m.c.i.embedder.EclipseLogger - skip non existing resourceDirectory F:\Ashish\Final\123\src\main\resources
2026-03-14 14:27:23,703 [Worker-3] INFO  o.e.m.c.i.embedder.EclipseLogger - Using 'UTF-8' encoding to copy filtered resources.
2026-03-14 14:27:23,705 [Worker-3] INFO  o.e.m.c.i.embedder.EclipseLogger - skip non existing resourceDirectory F:\Ashish\Final\123\src\test\resources
2026-03-14 14:27:35,251 [Worker-3] INFO  o.e.m.i.launch.MavenLaunchDelegate - F:\Ashish\Final\123
2026-03-14 14:27:35,251 [Worker-3] INFO  o.e.m.i.launch.MavenLaunchDelegate -  mvn -B test
2026-03-14 14:27:45,206 [Worker-4] INFO  o.e.m.c.i.embedder.EclipseLogger - Using 'UTF-8' encoding to copy filtered resources.
2026-03-14 14:27:45,206 [Worker-4] INFO  o.e.m.c.i.embedder.EclipseLogger - skip non existing resourceDirectory F:\Ashish\Final\123\src\main\resources
2026-03-14 14:27:45,206 [Worker-4] INFO  o.e.m.c.i.embedder.EclipseLogger - Using 'UTF-8' encoding to copy filtered resources.
2026-03-14 14:27:45,219 [Worker-4] INFO  o.e.m.c.i.embedder.EclipseLogger - skip non existing resourceDirectory F:\Ashish\Final\123\src\test\resources
2026-03-14 14:28:08,256 [Worker-14] INFO  o.e.m.c.i.embedder.EclipseLogger - Using 'UTF-8' encoding to copy filtered resources.
2026-03-14 14:28:08,256 [Worker-14] INFO  o.e.m.c.i.embedder.EclipseLogger - skip non existing resourceDirectory F:\Ashish\Final\123\src\main\resources
2026-03-14 14:28:08,257 [Worker-14] INFO  o.e.m.c.i.embedder.EclipseLogger - Using 'UTF-8' encoding to copy filtered resources.
2026-03-14 14:28:08,257 [Worker-14] INFO  o.e.m.c.i.embedder.EclipseLogger - skip non existing resourceDirectory F:\Ashish\Final\123\src\test\resources
2026-03-14 14:29:38,198 [Worker-0] INFO  o.e.m.c.i.e.AbstractTransferListenerAdapter - Downloading https://repo.maven.apache.org/maven2/org/apache/maven/plugins/maven-surefire-plugin/2.22.2/maven-surefire-plugin-2.22.2.jar
2026-03-14 14:29:38,376 [Worker-0] INFO  o.e.m.c.i.e.AbstractTransferListenerAdapter - Downloaded https://repo.maven.apache.org/maven2/org/apache/maven/plugins/maven-surefire-plugin/2.22.2/maven-surefire-plugin-2.22.2.jar
2026-03-14 14:29:40,184 [Worker-0] INFO  o.e.m.c.i.l.LifecycleMappingFactory - Using org.eclipse.m2e.jdt.JarLifecycleMapping lifecycle mapping for MavenProject: Testid:123:0.0.1-SNAPSHOT @ F:\Ashish\Final\123\pom.xml.
2026-03-14 14:29:40,450 [Worker-0] INFO  o.e.m.c.i.embedder.EclipseLogger - Using 'UTF-8' encoding to copy filtered resources.
2026-03-14 14:29:40,450 [Worker-0] INFO  o.e.m.c.i.embedder.EclipseLogger - skip non existing resourceDirectory F:\Ashish\Final\123\src\main\resources
2026-03-14 14:29:40,450 [Worker-0] INFO  o.e.m.c.i.embedder.EclipseLogger - Using 'UTF-8' encoding to copy filtered resources.
2026-03-14 14:29:40,450 [Worker-0] INFO  o.e.m.c.i.embedder.EclipseLogger - skip non existing resourceDirectory F:\Ashish\Final\123\src\test\resources
2026-03-14 14:29:40,793 [Worker-0] INFO  o.e.m.c.i.e.AbstractTransferListenerAdapter - Downloaded https://repo.maven.apache.org/maven2/org/apache/maven/plugins/maven-surefire-plugin/2.22.2/maven-surefire-plugin-2.22.2.pom
2026-03-14 14:29:40,919 [Worker-0] INFO  o.e.m.c.i.e.AbstractTransferListenerAdapter - Downloaded https://repo.maven.apache.org/maven2/org/apache/maven/surefire/surefire/2.22.2/surefire-2.22.2.pom
2026-03-14 14:31:20,888 [Worker-12] INFO  o.e.m.c.i.embedder.EclipseLogger - Using 'UTF-8' encoding to copy filtered resources.
2026-03-14 14:31:20,888 [Worker-12] INFO  o.e.m.c.i.embedder.EclipseLogger - skip non existing resourceDirectory F:\Ashish\Final\123\src\main\resources
2026-03-14 14:31:20,888 [Worker-12] INFO  o.e.m.c.i.embedder.EclipseLogger - Using 'UTF-8' encoding to copy filtered resources.
2026-03-14 14:31:20,888 [Worker-12] INFO  o.e.m.c.i.embedder.EclipseLogger - skip non existing resourceDirectory F:\Ashish\Final\123\src\test\resources
2026-03-14 14:31:29,838 [Worker-0] INFO  o.e.m.c.i.embedder.EclipseLogger - Using 'UTF-8' encoding to copy filtered resources.
2026-03-14 14:31:29,838 [Worker-0] INFO  o.e.m.c.i.embedder.EclipseLogger - skip non existing resourceDirectory F:\Ashish\Final\123\src\main\resources
2026-03-14 14:31:29,840 [Worker-0] INFO  o.e.m.c.i.embedder.EclipseLogger - Using 'UTF-8' encoding to copy filtered resources.
2026-03-14 14:31:29,840 [Worker-0] INFO  o.e.m.c.i.embedder.EclipseLogger - skip non existing resourceDirectory F:\Ashish\Final\123\src\test\resources
2026-03-14 14:31:46,468 [Worker-0] INFO  o.e.m.c.i.embedder.EclipseLogger - Using 'UTF-8' encoding to copy filtered resources.
2026-03-14 14:31:46,468 [Worker-0] INFO  o.e.m.c.i.embedder.EclipseLogger - skip non existing resourceDirectory F:\Ashish\Final\123\src\main\resources
2026-03-14 14:31:46,470 [Worker-0] INFO  o.e.m.c.i.embedder.EclipseLogger - Using 'UTF-8' encoding to copy filtered resources.
2026-03-14 14:31:46,470 [Worker-0] INFO  o.e.m.c.i.embedder.EclipseLogger - skip non existing resourceDirectory F:\Ashish\Final\123\src\test\resources
2026-03-14 14:39:45,889 [Worker-4] INFO  o.e.m.c.i.embedder.EclipseLogger - Using 'UTF-8' encoding to copy filtered resources.
2026-03-14 14:39:45,889 [Worker-4] INFO  o.e.m.c.i.embedder.EclipseLogger - skip non existing resourceDirectory F:\Ashish\Final\123\src\main\resources
2026-03-14 14:39:45,889 [Worker-4] INFO  o.e.m.c.i.embedder.EclipseLogger - Using 'UTF-8' encoding to copy filtered resources.
2026-03-14 14:39:45,889 [Worker-4] INFO  o.e.m.c.i.embedder.EclipseLogger - skip non existing resourceDirectory F:\Ashish\Final\123\src\test\resources
2026-03-14 14:40:20,441 [Worker-2] INFO  o.e.m.c.i.p.ProjectConfigurationManager - Update started
2026-03-14 14:40:20,675 [Worker-2] INFO  o.e.m.c.i.l.LifecycleMappingFactory - Using org.eclipse.m2e.jdt.JarLifecycleMapping lifecycle mapping for MavenProject: Testid:123:0.0.1-SNAPSHOT @ F:\Ashish\Final\123\pom.xml.
2026-03-14 14:40:20,913 [Worker-2] INFO  o.e.m.j.i.AbstractJavaProjectConfigurator - Adding source folder /123/src/main/java
2026-03-14 14:40:20,913 [Worker-2] INFO  o.e.m.j.i.AbstractJavaProjectConfigurator - Adding source folder /123/src/test/java
2026-03-14 14:40:20,995 [Worker-2] INFO  o.e.m.c.i.p.ProjectConfigurationManager - Update completed: 0 sec
2026-03-14 14:40:21,224 [Worker-0] INFO  o.e.m.c.i.embedder.EclipseLogger - Using 'UTF-8' encoding to copy filtered resources.
2026-03-14 14:40:21,224 [Worker-0] INFO  o.e.m.c.i.embedder.EclipseLogger - skip non existing resourceDirectory F:\Ashish\Final\123\src\main\resources
2026-03-14 14:40:21,224 [Worker-0] INFO  o.e.m.c.i.embedder.EclipseLogger - Using 'UTF-8' encoding to copy filtered resources.
2026-03-14 14:40:21,224 [Worker-0] INFO  o.e.m.c.i.embedder.EclipseLogger - skip non existing resourceDirectory F:\Ashish\Final\123\src\test\resources
2026-03-14 14:41:01,169 [Worker-2] INFO  o.e.m.c.i.embedder.EclipseLogger - Using 'UTF-8' encoding to copy filtered resources.
2026-03-14 14:41:01,171 [Worker-2] INFO  o.e.m.c.i.embedder.EclipseLogger - skip non existing resourceDirectory F:\Ashish\Final\123\src\main\resources
2026-03-14 14:41:01,171 [Worker-2] INFO  o.e.m.c.i.embedder.EclipseLogger - Using 'UTF-8' encoding to copy filtered resources.
2026-03-14 14:41:01,171 [Worker-2] INFO  o.e.m.c.i.embedder.EclipseLogger - skip non existing resourceDirectory F:\Ashish\Final\123\src\test\resources
2026-03-14 14:42:40,008 [Worker-4] INFO  o.e.m.c.i.embedder.EclipseLogger - Using 'UTF-8' encoding to copy filtered resources.
2026-03-14 14:42:40,008 [Worker-4] INFO  o.e.m.c.i.embedder.EclipseLogger - skip non existing resourceDirectory F:\Ashish\Final\123\src\main\resources
2026-03-14 14:42:40,008 [Worker-4] INFO  o.e.m.c.i.embedder.EclipseLogger - Using 'UTF-8' encoding to copy filtered resources.
2026-03-14 14:42:40,008 [Worker-4] INFO  o.e.m.c.i.embedder.EclipseLogger - skip non existing resourceDirectory F:\Ashish\Final\123\src\test\resources
2026-03-14 14:44:15,399 [Worker-4] INFO  o.e.m.c.i.embedder.EclipseLogger - Using 'UTF-8' encoding to copy filtered resources.
2026-03-14 14:44:15,399 [Worker-4] INFO  o.e.m.c.i.embedder.EclipseLogger - skip non existing resourceDirectory F:\Ashish\Final\123\src\main\resources
2026-03-14 14:44:15,399 [Worker-4] INFO  o.e.m.c.i.embedder.EclipseLogger - Using 'UTF-8' encoding to copy filtered resources.
2026-03-14 14:44:15,399 [Worker-4] INFO  o.e.m.c.i.embedder.EclipseLogger - skip non existing resourceDirectory F:\Ashish\Final\123\src\test\resources
2026-03-14 14:44:26,591 [Worker-17] INFO  o.e.m.c.i.p.ProjectConfigurationManager - Update started
2026-03-14 14:44:26,828 [Worker-17] INFO  o.e.m.c.i.l.LifecycleMappingFactory - Using org.eclipse.m2e.jdt.JarLifecycleMapping lifecycle mapping for MavenProject: Testid:123:0.0.1-SNAPSHOT @ F:\Ashish\Final\123\pom.xml.
2026-03-14 14:44:27,023 [Worker-17] INFO  o.e.m.j.i.AbstractJavaProjectConfigurator - Adding source folder /123/src/main/java
2026-03-14 14:44:27,025 [Worker-17] INFO  o.e.m.j.i.AbstractJavaProjectConfigurator - Adding source folder /123/src/test/java
2026-03-14 14:44:27,083 [Worker-17] INFO  o.e.m.c.i.p.ProjectConfigurationManager - Update completed: 0 sec
2026-03-14 14:44:27,289 [Worker-12] INFO  o.e.m.c.i.embedder.EclipseLogger - Using 'UTF-8' encoding to copy filtered resources.
2026-03-14 14:44:27,289 [Worker-12] INFO  o.e.m.c.i.embedder.EclipseLogger - skip non existing resourceDirectory F:\Ashish\Final\123\src\main\resources
2026-03-14 14:44:27,292 [Worker-12] INFO  o.e.m.c.i.embedder.EclipseLogger - Using 'UTF-8' encoding to copy filtered resources.
2026-03-14 14:44:27,292 [Worker-12] INFO  o.e.m.c.i.embedder.EclipseLogger - skip non existing resourceDirectory F:\Ashish\Final\123\src\test\resources
2026-03-14 14:45:25,174 [Worker-2] INFO  o.e.m.i.launch.MavenLaunchDelegate - F:\Ashish\Final\123
2026-03-14 14:45:25,174 [Worker-2] INFO  o.e.m.i.launch.MavenLaunchDelegate -  mvn -B clean
2026-03-14 14:45:26,298 [Worker-16] INFO  o.e.m.c.i.embedder.EclipseLogger - Using 'UTF-8' encoding to copy filtered resources.
2026-03-14 14:45:26,298 [Worker-16] INFO  o.e.m.c.i.embedder.EclipseLogger - skip non existing resourceDirectory F:\Ashish\Final\123\src\main\resources
2026-03-14 14:45:26,298 [Worker-16] INFO  o.e.m.c.i.embedder.EclipseLogger - Using 'UTF-8' encoding to copy filtered resources.
2026-03-14 14:45:26,298 [Worker-16] INFO  o.e.m.c.i.embedder.EclipseLogger - skip non existing resourceDirectory F:\Ashish\Final\123\src\test\resources
2026-03-14 14:45:35,221 [Worker-0] INFO  o.e.m.i.launch.MavenLaunchDelegate - F:\Ashish\Final\123
2026-03-14 14:45:35,221 [Worker-0] INFO  o.e.m.i.launch.MavenLaunchDelegate -  mvn -B test
2026-03-14 14:45:36,968 [Worker-12] INFO  o.e.m.c.i.embedder.EclipseLogger - Using 'UTF-8' encoding to copy filtered resources.
2026-03-14 14:45:36,968 [Worker-12] INFO  o.e.m.c.i.embedder.EclipseLogger - skip non existing resourceDirectory F:\Ashish\Final\123\src\main\resources
2026-03-14 14:45:36,968 [Worker-12] INFO  o.e.m.c.i.embedder.EclipseLogger - Using 'UTF-8' encoding to copy filtered resources.
2026-03-14 14:45:36,968 [Worker-12] INFO  o.e.m.c.i.embedder.EclipseLogger - skip non existing resourceDirectory F:\Ashish\Final\123\src\test\resources
2026-03-14 14:46:35,421 [Worker-0] INFO  o.e.m.i.launch.MavenLaunchDelegate - F:\Ashish\Final\123
2026-03-14 14:46:35,421 [Worker-0] INFO  o.e.m.i.launch.MavenLaunchDelegate -  mvn -B test
2026-03-14 14:46:37,118 [Worker-8] INFO  o.e.m.c.i.embedder.EclipseLogger - Using 'UTF-8' encoding to copy filtered resources.
2026-03-14 14:46:37,118 [Worker-8] INFO  o.e.m.c.i.embedder.EclipseLogger - skip non existing resourceDirectory F:\Ashish\Final\123\src\main\resources
2026-03-14 14:46:37,120 [Worker-8] INFO  o.e.m.c.i.embedder.EclipseLogger - Using 'UTF-8' encoding to copy filtered resources.
2026-03-14 14:46:37,120 [Worker-8] INFO  o.e.m.c.i.embedder.EclipseLogger - skip non existing resourceDirectory F:\Ashish\Final\123\src\test\resources
2026-03-14 14:47:48,800 [Worker-16] INFO  o.e.m.c.i.embedder.EclipseLogger - Using 'UTF-8' encoding to copy filtered resources.
2026-03-14 14:47:48,800 [Worker-16] INFO  o.e.m.c.i.embedder.EclipseLogger - skip non existing resourceDirectory F:\Ashish\Final\123\src\main\resources
2026-03-14 14:47:48,801 [Worker-16] INFO  o.e.m.c.i.embedder.EclipseLogger - Using 'UTF-8' encoding to copy filtered resources.
2026-03-14 14:47:48,801 [Worker-16] INFO  o.e.m.c.i.embedder.EclipseLogger - skip non existing resourceDirectory F:\Ashish\Final\123\src\test\resources
2026-03-14 15:41:25,819 [Worker-14] WARN  o.e.r.models.ModelRepository - Failed to download org.eclipse.recommenders:index::zip:0.0.0
org.eclipse.aether.resolution.ArtifactResolutionException: Could not find artifact org.eclipse.recommenders:index:zip:0.0.0-SNAPSHOT in models (http://download.eclipse.org/recommenders/models/neon/)
	at org.eclipse.aether.internal.impl.DefaultArtifactResolver.resolve(DefaultArtifactResolver.java:444) ~[na:na]
	at org.eclipse.aether.internal.impl.DefaultArtifactResolver.resolveArtifacts(DefaultArtifactResolver.java:246) ~[na:na]
	at org.eclipse.aether.internal.impl.DefaultArtifactResolver.resolveArtifact(DefaultArtifactResolver.java:223) ~[na:na]
	at org.eclipse.aether.internal.impl.DefaultRepositorySystem.resolveArtifact(DefaultRepositorySystem.java:294) ~[na:na]
	at org.eclipse.recommenders.models.ModelRepository.resolveInternal(ModelRepository.java:193) [org.eclipse.recommenders.models_2.4.6.v20170307-1041.jar:na]
	at org.eclipse.recommenders.models.ModelRepository.resolve(ModelRepository.java:172) [org.eclipse.recommenders.models_2.4.6.v20170307-1041.jar:na]
	at org.eclipse.recommenders.internal.models.rcp.EclipseModelRepository.resolve(EclipseModelRepository.java:169) [org.eclipse.recommenders.models.rcp_2.4.6.v20170307-1041.jar:na]
	at org.eclipse.recommenders.internal.models.rcp.DownloadModelArchiveJob.run(DownloadModelArchiveJob.java:76) [org.eclipse.recommenders.models.rcp_2.4.6.v20170307-1041.jar:na]
	at org.eclipse.core.internal.jobs.Worker.run(Worker.java:55) [org.eclipse.core.jobs_3.8.0.v20160509-0411.jar:na]
Caused by: org.eclipse.aether.transfer.ArtifactNotFoundException: Could not find artifact org.eclipse.recommenders:index:zip:0.0.0-SNAPSHOT in models (http://download.eclipse.org/recommenders/models/neon/)
	at org.eclipse.aether.connector.basic.ArtifactTransportListener.transferFailed(ArtifactTransportListener.java:39) ~[org.eclipse.aether.connector.basic_1.0.1.v20141111.jar:na]
	at org.eclipse.aether.connector.basic.BasicRepositoryConnector$TaskRunner.run(BasicRepositoryConnector.java:355) ~[org.eclipse.aether.connector.basic_1.0.1.v20141111.jar:na]
	at org.eclipse.aether.util.concurrency.RunnableErrorForwarder$1.run(RunnableErrorForwarder.java:67) ~[na:na]
	at org.eclipse.aether.connector.basic.BasicRepositoryConnector$DirectExecutor.execute(BasicRepositoryConnector.java:581) ~[org.eclipse.aether.connector.basic_1.0.1.v20141111.jar:na]
	at org.eclipse.aether.connector.basic.BasicRepositoryConnector.get(BasicRepositoryConnector.java:249) ~[org.eclipse.aether.connector.basic_1.0.1.v20141111.jar:na]
	at org.eclipse.aether.internal.impl.DefaultArtifactResolver.performDownloads(DefaultArtifactResolver.java:520) ~[na:na]
	at org.eclipse.aether.internal.impl.DefaultArtifactResolver.resolve(DefaultArtifactResolver.java:421) ~[na:na]
	... 8 common frames omitted
2026-03-14 18:48:32,493 [Worker-71] INFO  o.e.m.c.i.p.ProjectConfigurationManager - Collecting project info '/pom.xml' F:\Ashish\Final\ashishFinalSeleniumFramwork\pom.xml
2026-03-14 18:48:33,587 [Worker-71] INFO  o.e.m.c.i.l.LifecycleMappingFactory - Using org.eclipse.m2e.jdt.JarLifecycleMapping lifecycle mapping for MavenProject: ashishFinal:ashishFinalSeleniumFramwork:0.0.1-SNAPSHOT @ F:\Ashish\Final\ashishFinalSeleniumFramwork\pom.xml.
2026-03-14 18:48:34,261 [Worker-71] INFO  o.e.m.j.i.AbstractJavaProjectConfigurator - Adding source folder /ashishFinalSeleniumFramwork/src/main/java
2026-03-14 18:48:34,264 [Worker-71] INFO  o.e.m.j.i.AbstractJavaProjectConfigurator - Adding source folder /ashishFinalSeleniumFramwork/src/test/java
2026-03-14 18:48:34,359 [Worker-71] INFO  o.e.m.c.i.p.ProjectConfigurationManager - Imported and configured 1 project(s) in 1 sec
2026-03-14 18:48:34,701 [Worker-74] INFO  o.e.m.c.i.embedder.EclipseLogger - Using 'UTF-8' encoding to copy filtered resources.
2026-03-14 18:48:34,701 [Worker-74] INFO  o.e.m.c.i.embedder.EclipseLogger - skip non existing resourceDirectory F:\Ashish\Final\ashishFinalSeleniumFramwork\src\main\resources
2026-03-14 18:48:34,704 [Worker-74] INFO  o.e.m.c.i.embedder.EclipseLogger - Using 'UTF-8' encoding to copy filtered resources.
2026-03-14 18:48:34,704 [Worker-74] INFO  o.e.m.c.i.embedder.EclipseLogger - skip non existing resourceDirectory F:\Ashish\Final\ashishFinalSeleniumFramwork\src\test\resources
2026-03-14 18:51:36,944 [Worker-77] INFO  o.e.m.c.i.l.LifecycleMappingFactory - Using org.eclipse.m2e.jdt.JarLifecycleMapping lifecycle mapping for MavenProject: ashishFinal:ashishFinalSeleniumFramwork:0.0.1-SNAPSHOT @ F:\Ashish\Final\ashishFinalSeleniumFramwork\pom.xml.
2026-03-14 18:51:37,541 [Worker-77] INFO  o.e.m.c.i.e.AbstractTransferListenerAdapter - Downloaded https://repo.maven.apache.org/maven2/org/seleniumhq/selenium/selenium-java/4.41.0/selenium-java-4.41.0.pom
2026-03-14 18:51:37,717 [Worker-77] INFO  o.e.m.c.i.e.AbstractTransferListenerAdapter - Downloaded https://repo.maven.apache.org/maven2/org/seleniumhq/selenium/selenium-api/4.41.0/selenium-api-4.41.0.pom
2026-03-14 18:51:37,938 [Worker-77] INFO  o.e.m.c.i.e.AbstractTransferListenerAdapter - Downloaded https://repo.maven.apache.org/maven2/org/seleniumhq/selenium/selenium-chrome-driver/4.41.0/selenium-chrome-driver-4.41.0.pom
2026-03-14 18:51:38,179 [Worker-77] INFO  o.e.m.c.i.e.AbstractTransferListenerAdapter - Downloaded https://repo.maven.apache.org/maven2/org/seleniumhq/selenium/selenium-chromium-driver/4.41.0/selenium-chromium-driver-4.41.0.pom
2026-03-14 18:51:38,353 [Worker-77] INFO  o.e.m.c.i.e.AbstractTransferListenerAdapter - Downloaded https://repo.maven.apache.org/maven2/org/seleniumhq/selenium/selenium-json/4.41.0/selenium-json-4.41.0.pom
2026-03-14 18:51:38,525 [Worker-77] INFO  o.e.m.c.i.e.AbstractTransferListenerAdapter - Downloaded https://repo.maven.apache.org/maven2/org/seleniumhq/selenium/selenium-remote-driver/4.41.0/selenium-remote-driver-4.41.0.pom
2026-03-14 18:51:38,958 [Worker-77] INFO  o.e.m.c.i.e.AbstractTransferListenerAdapter - Downloaded https://repo.maven.apache.org/maven2/io/opentelemetry/opentelemetry-api/1.59.0/opentelemetry-api-1.59.0.pom
2026-03-14 18:51:39,318 [Worker-77] INFO  o.e.m.c.i.e.AbstractTransferListenerAdapter - Downloaded https://repo.maven.apache.org/maven2/io/opentelemetry/opentelemetry-context/1.59.0/opentelemetry-context-1.59.0.pom
2026-03-14 18:51:39,579 [Worker-77] INFO  o.e.m.c.i.e.AbstractTransferListenerAdapter - Downloaded https://repo.maven.apache.org/maven2/io/opentelemetry/opentelemetry-common/1.59.0/opentelemetry-common-1.59.0.pom
2026-03-14 18:51:39,733 [Worker-77] INFO  o.e.m.c.i.e.AbstractTransferListenerAdapter - Downloaded https://repo.maven.apache.org/maven2/io/opentelemetry/opentelemetry-exporter-logging/1.59.0/opentelemetry-exporter-logging-1.59.0.pom
2026-03-14 18:51:39,869 [Worker-77] INFO  o.e.m.c.i.e.AbstractTransferListenerAdapter - Downloaded https://repo.maven.apache.org/maven2/io/opentelemetry/opentelemetry-sdk/1.59.0/opentelemetry-sdk-1.59.0.pom
2026-03-14 18:51:40,032 [Worker-77] INFO  o.e.m.c.i.e.AbstractTransferListenerAdapter - Downloaded https://repo.maven.apache.org/maven2/io/opentelemetry/opentelemetry-sdk-common/1.59.0/opentelemetry-sdk-common-1.59.0.pom
2026-03-14 18:51:40,175 [Worker-77] INFO  o.e.m.c.i.e.AbstractTransferListenerAdapter - Downloaded https://repo.maven.apache.org/maven2/io/opentelemetry/opentelemetry-sdk-trace/1.59.0/opentelemetry-sdk-trace-1.59.0.pom
2026-03-14 18:51:40,352 [Worker-77] INFO  o.e.m.c.i.e.AbstractTransferListenerAdapter - Downloaded https://repo.maven.apache.org/maven2/io/opentelemetry/opentelemetry-sdk-metrics/1.59.0/opentelemetry-sdk-metrics-1.59.0.pom
2026-03-14 18:51:40,523 [Worker-77] INFO  o.e.m.c.i.e.AbstractTransferListenerAdapter - Downloaded https://repo.maven.apache.org/maven2/io/opentelemetry/opentelemetry-sdk-logs/1.59.0/opentelemetry-sdk-logs-1.59.0.pom
2026-03-14 18:51:40,697 [Worker-77] INFO  o.e.m.c.i.e.AbstractTransferListenerAdapter - Downloaded https://repo.maven.apache.org/maven2/io/opentelemetry/opentelemetry-sdk-extension-autoconfigure-spi/1.59.0/opentelemetry-sdk-extension-autoconfigure-spi-1.59.0.pom
2026-03-14 18:51:40,853 [Worker-77] INFO  o.e.m.c.i.e.AbstractTransferListenerAdapter - Downloaded https://repo.maven.apache.org/maven2/io/opentelemetry/opentelemetry-sdk-extension-autoconfigure/1.59.0/opentelemetry-sdk-extension-autoconfigure-1.59.0.pom
2026-03-14 18:51:40,989 [Worker-77] INFO  o.e.m.c.i.e.AbstractTransferListenerAdapter - Downloaded https://repo.maven.apache.org/maven2/net/bytebuddy/byte-buddy/1.18.5/byte-buddy-1.18.5.pom
2026-03-14 18:51:41,174 [Worker-77] INFO  o.e.m.c.i.e.AbstractTransferListenerAdapter - Downloaded https://repo.maven.apache.org/maven2/net/bytebuddy/byte-buddy-parent/1.18.5/byte-buddy-parent-1.18.5.pom
2026-03-14 18:51:41,326 [Worker-77] INFO  o.e.m.c.i.e.AbstractTransferListenerAdapter - Downloaded https://repo.maven.apache.org/maven2/org/seleniumhq/selenium/selenium-http/4.41.0/selenium-http-4.41.0.pom
2026-03-14 18:51:41,471 [Worker-77] INFO  o.e.m.c.i.e.AbstractTransferListenerAdapter - Downloaded https://repo.maven.apache.org/maven2/org/seleniumhq/selenium/selenium-manager/4.41.0/selenium-manager-4.41.0.pom
2026-03-14 18:51:41,651 [Worker-77] INFO  o.e.m.c.i.e.AbstractTransferListenerAdapter - Downloaded https://repo.maven.apache.org/maven2/org/seleniumhq/selenium/selenium-os/4.41.0/selenium-os-4.41.0.pom
2026-03-14 18:51:41,797 [Worker-77] INFO  o.e.m.c.i.e.AbstractTransferListenerAdapter - Downloaded https://repo.maven.apache.org/maven2/org/seleniumhq/selenium/selenium-devtools-v143/4.41.0/selenium-devtools-v143-4.41.0.pom
2026-03-14 18:51:41,961 [Worker-77] INFO  o.e.m.c.i.e.AbstractTransferListenerAdapter - Downloaded https://repo.maven.apache.org/maven2/org/seleniumhq/selenium/selenium-devtools-v144/4.41.0/selenium-devtools-v144-4.41.0.pom
2026-03-14 18:51:42,104 [Worker-77] INFO  o.e.m.c.i.e.AbstractTransferListenerAdapter - Downloaded https://repo.maven.apache.org/maven2/org/seleniumhq/selenium/selenium-devtools-v145/4.41.0/selenium-devtools-v145-4.41.0.pom
2026-03-14 18:51:42,242 [Worker-77] INFO  o.e.m.c.i.e.AbstractTransferListenerAdapter - Downloaded https://repo.maven.apache.org/maven2/org/seleniumhq/selenium/selenium-edge-driver/4.41.0/selenium-edge-driver-4.41.0.pom
2026-03-14 18:51:42,403 [Worker-77] INFO  o.e.m.c.i.e.AbstractTransferListenerAdapter - Downloaded https://repo.maven.apache.org/maven2/org/seleniumhq/selenium/selenium-firefox-driver/4.41.0/selenium-firefox-driver-4.41.0.pom
2026-03-14 18:51:42,565 [Worker-77] INFO  o.e.m.c.i.e.AbstractTransferListenerAdapter - Downloaded https://repo.maven.apache.org/maven2/org/seleniumhq/selenium/selenium-ie-driver/4.41.0/selenium-ie-driver-4.41.0.pom
2026-03-14 18:51:42,724 [Worker-77] INFO  o.e.m.c.i.e.AbstractTransferListenerAdapter - Downloaded https://repo.maven.apache.org/maven2/org/seleniumhq/selenium/selenium-safari-driver/4.41.0/selenium-safari-driver-4.41.0.pom
2026-03-14 18:51:42,852 [Worker-77] INFO  o.e.m.c.i.e.AbstractTransferListenerAdapter - Downloaded https://repo.maven.apache.org/maven2/org/seleniumhq/selenium/selenium-support/4.41.0/selenium-support-4.41.0.pom
2026-03-14 18:51:42,953 [Worker-77] INFO  o.e.m.c.i.e.AbstractTransferListenerAdapter - Downloading https://repo.maven.apache.org/maven2/org/seleniumhq/selenium/selenium-java/4.41.0/selenium-java-4.41.0.jar
2026-03-14 18:51:43,062 [Worker-77] INFO  o.e.m.c.i.e.AbstractTransferListenerAdapter - Downloaded https://repo.maven.apache.org/maven2/org/seleniumhq/selenium/selenium-java/4.41.0/selenium-java-4.41.0.jar
2026-03-14 18:51:43,117 [Worker-77] INFO  o.e.m.c.i.e.AbstractTransferListenerAdapter - Downloading https://repo.maven.apache.org/maven2/org/seleniumhq/selenium/selenium-api/4.41.0/selenium-api-4.41.0.jar
2026-03-14 18:51:43,301 [Worker-77] INFO  o.e.m.c.i.e.AbstractTransferListenerAdapter - Downloaded https://repo.maven.apache.org/maven2/org/seleniumhq/selenium/selenium-api/4.41.0/selenium-api-4.41.0.jar
2026-03-14 18:51:43,357 [Worker-77] INFO  o.e.m.c.i.e.AbstractTransferListenerAdapter - Downloading https://repo.maven.apache.org/maven2/org/seleniumhq/selenium/selenium-chrome-driver/4.41.0/selenium-chrome-driver-4.41.0.jar
2026-03-14 18:51:43,676 [Worker-77] INFO  o.e.m.c.i.e.AbstractTransferListenerAdapter - Downloaded https://repo.maven.apache.org/maven2/org/seleniumhq/selenium/selenium-chrome-driver/4.41.0/selenium-chrome-driver-4.41.0.jar
2026-03-14 18:51:43,733 [Worker-77] INFO  o.e.m.c.i.e.AbstractTransferListenerAdapter - Downloading https://repo.maven.apache.org/maven2/org/seleniumhq/selenium/selenium-chromium-driver/4.41.0/selenium-chromium-driver-4.41.0.jar
2026-03-14 18:51:44,037 [Worker-77] INFO  o.e.m.c.i.e.AbstractTransferListenerAdapter - Downloaded https://repo.maven.apache.org/maven2/org/seleniumhq/selenium/selenium-chromium-driver/4.41.0/selenium-chromium-driver-4.41.0.jar
2026-03-14 18:51:44,093 [Worker-77] INFO  o.e.m.c.i.e.AbstractTransferListenerAdapter - Downloading https://repo.maven.apache.org/maven2/org/seleniumhq/selenium/selenium-json/4.41.0/selenium-json-4.41.0.jar
2026-03-14 18:51:44,220 [Worker-77] INFO  o.e.m.c.i.e.AbstractTransferListenerAdapter - Downloaded https://repo.maven.apache.org/maven2/org/seleniumhq/selenium/selenium-json/4.41.0/selenium-json-4.41.0.jar
2026-03-14 18:51:44,265 [Worker-77] INFO  o.e.m.c.i.e.AbstractTransferListenerAdapter - Downloading https://repo.maven.apache.org/maven2/org/seleniumhq/selenium/selenium-manager/4.41.0/selenium-manager-4.41.0.jar
2026-03-14 18:51:46,348 [Worker-77] INFO  o.e.m.c.i.e.AbstractTransferListenerAdapter - Downloaded https://repo.maven.apache.org/maven2/org/seleniumhq/selenium/selenium-manager/4.41.0/selenium-manager-4.41.0.jar
2026-03-14 18:51:46,395 [Worker-77] INFO  o.e.m.c.i.e.AbstractTransferListenerAdapter - Downloading https://repo.maven.apache.org/maven2/org/seleniumhq/selenium/selenium-devtools-v143/4.41.0/selenium-devtools-v143-4.41.0.jar
2026-03-14 18:51:47,187 [Worker-77] INFO  o.e.m.c.i.e.AbstractTransferListenerAdapter - Downloaded https://repo.maven.apache.org/maven2/org/seleniumhq/selenium/selenium-devtools-v143/4.41.0/selenium-devtools-v143-4.41.0.jar
2026-03-14 18:51:47,232 [Worker-77] INFO  o.e.m.c.i.e.AbstractTransferListenerAdapter - Downloading https://repo.maven.apache.org/maven2/org/seleniumhq/selenium/selenium-devtools-v144/4.41.0/selenium-devtools-v144-4.41.0.jar
2026-03-14 18:51:47,632 [Worker-77] INFO  o.e.m.c.i.e.AbstractTransferListenerAdapter - Downloaded https://repo.maven.apache.org/maven2/org/seleniumhq/selenium/selenium-devtools-v144/4.41.0/selenium-devtools-v144-4.41.0.jar
2026-03-14 18:51:47,686 [Worker-77] INFO  o.e.m.c.i.e.AbstractTransferListenerAdapter - Downloading https://repo.maven.apache.org/maven2/org/seleniumhq/selenium/selenium-devtools-v145/4.41.0/selenium-devtools-v145-4.41.0.jar
2026-03-14 18:51:48,261 [Worker-77] INFO  o.e.m.c.i.e.AbstractTransferListenerAdapter - Downloaded https://repo.maven.apache.org/maven2/org/seleniumhq/selenium/selenium-devtools-v145/4.41.0/selenium-devtools-v145-4.41.0.jar
2026-03-14 18:51:48,329 [Worker-77] INFO  o.e.m.c.i.e.AbstractTransferListenerAdapter - Downloading https://repo.maven.apache.org/maven2/org/seleniumhq/selenium/selenium-edge-driver/4.41.0/selenium-edge-driver-4.41.0.jar
2026-03-14 18:51:48,506 [Worker-77] INFO  o.e.m.c.i.e.AbstractTransferListenerAdapter - Downloaded https://repo.maven.apache.org/maven2/org/seleniumhq/selenium/selenium-edge-driver/4.41.0/selenium-edge-driver-4.41.0.jar
2026-03-14 18:51:48,566 [Worker-77] INFO  o.e.m.c.i.e.AbstractTransferListenerAdapter - Downloading https://repo.maven.apache.org/maven2/org/seleniumhq/selenium/selenium-firefox-driver/4.41.0/selenium-firefox-driver-4.41.0.jar
2026-03-14 18:51:48,709 [Worker-77] INFO  o.e.m.c.i.e.AbstractTransferListenerAdapter - Downloaded https://repo.maven.apache.org/maven2/org/seleniumhq/selenium/selenium-firefox-driver/4.41.0/selenium-firefox-driver-4.41.0.jar
2026-03-14 18:51:48,768 [Worker-77] INFO  o.e.m.c.i.e.AbstractTransferListenerAdapter - Downloading https://repo.maven.apache.org/maven2/org/seleniumhq/selenium/selenium-http/4.41.0/selenium-http-4.41.0.jar
2026-03-14 18:51:48,923 [Worker-77] INFO  o.e.m.c.i.e.AbstractTransferListenerAdapter - Downloaded https://repo.maven.apache.org/maven2/org/seleniumhq/selenium/selenium-http/4.41.0/selenium-http-4.41.0.jar
2026-03-14 18:51:48,990 [Worker-77] INFO  o.e.m.c.i.e.AbstractTransferListenerAdapter - Downloading https://repo.maven.apache.org/maven2/org/seleniumhq/selenium/selenium-ie-driver/4.41.0/selenium-ie-driver-4.41.0.jar
2026-03-14 18:51:49,170 [Worker-77] INFO  o.e.m.c.i.e.AbstractTransferListenerAdapter - Downloaded https://repo.maven.apache.org/maven2/org/seleniumhq/selenium/selenium-ie-driver/4.41.0/selenium-ie-driver-4.41.0.jar
2026-03-14 18:51:49,219 [Worker-77] INFO  o.e.m.c.i.e.AbstractTransferListenerAdapter - Downloading https://repo.maven.apache.org/maven2/org/seleniumhq/selenium/selenium-remote-driver/4.41.0/selenium-remote-driver-4.41.0.jar
2026-03-14 18:51:49,469 [Worker-77] INFO  o.e.m.c.i.e.AbstractTransferListenerAdapter - Downloaded https://repo.maven.apache.org/maven2/org/seleniumhq/selenium/selenium-remote-driver/4.41.0/selenium-remote-driver-4.41.0.jar
2026-03-14 18:51:49,538 [Worker-77] INFO  o.e.m.c.i.e.AbstractTransferListenerAdapter - Downloading https://repo.maven.apache.org/maven2/io/opentelemetry/opentelemetry-api/1.59.0/opentelemetry-api-1.59.0.jar
2026-03-14 18:51:49,638 [Worker-77] INFO  o.e.m.c.i.e.AbstractTransferListenerAdapter - Downloaded https://repo.maven.apache.org/maven2/io/opentelemetry/opentelemetry-api/1.59.0/opentelemetry-api-1.59.0.jar
2026-03-14 18:51:49,700 [Worker-77] INFO  o.e.m.c.i.e.AbstractTransferListenerAdapter - Downloading https://repo.maven.apache.org/maven2/io/opentelemetry/opentelemetry-context/1.59.0/opentelemetry-context-1.59.0.jar
2026-03-14 18:51:50,066 [Worker-77] INFO  o.e.m.c.i.e.AbstractTransferListenerAdapter - Downloaded https://repo.maven.apache.org/maven2/io/opentelemetry/opentelemetry-context/1.59.0/opentelemetry-context-1.59.0.jar
2026-03-14 18:51:50,114 [Worker-77] INFO  o.e.m.c.i.e.AbstractTransferListenerAdapter - Downloading https://repo.maven.apache.org/maven2/io/opentelemetry/opentelemetry-common/1.59.0/opentelemetry-common-1.59.0.jar
2026-03-14 18:51:50,254 [Worker-77] INFO  o.e.m.c.i.e.AbstractTransferListenerAdapter - Downloaded https://repo.maven.apache.org/maven2/io/opentelemetry/opentelemetry-common/1.59.0/opentelemetry-common-1.59.0.jar
2026-03-14 18:51:50,308 [Worker-77] INFO  o.e.m.c.i.e.AbstractTransferListenerAdapter - Downloading https://repo.maven.apache.org/maven2/io/opentelemetry/opentelemetry-exporter-logging/1.59.0/opentelemetry-exporter-logging-1.59.0.jar
2026-03-14 18:51:50,512 [Worker-77] INFO  o.e.m.c.i.e.AbstractTransferListenerAdapter - Downloaded https://repo.maven.apache.org/maven2/io/opentelemetry/opentelemetry-exporter-logging/1.59.0/opentelemetry-exporter-logging-1.59.0.jar
2026-03-14 18:51:50,574 [Worker-77] INFO  o.e.m.c.i.e.AbstractTransferListenerAdapter - Downloading https://repo.maven.apache.org/maven2/io/opentelemetry/opentelemetry-sdk-common/1.59.0/opentelemetry-sdk-common-1.59.0.jar
2026-03-14 18:51:50,670 [Worker-77] INFO  o.e.m.c.i.e.AbstractTransferListenerAdapter - Downloaded https://repo.maven.apache.org/maven2/io/opentelemetry/opentelemetry-sdk-common/1.59.0/opentelemetry-sdk-common-1.59.0.jar
2026-03-14 18:51:50,729 [Worker-77] INFO  o.e.m.c.i.e.AbstractTransferListenerAdapter - Downloading https://repo.maven.apache.org/maven2/io/opentelemetry/opentelemetry-sdk-extension-autoconfigure-spi/1.59.0/opentelemetry-sdk-extension-autoconfigure-spi-1.59.0.jar
2026-03-14 18:51:50,926 [Worker-77] INFO  o.e.m.c.i.e.AbstractTransferListenerAdapter - Downloaded https://repo.maven.apache.org/maven2/io/opentelemetry/opentelemetry-sdk-extension-autoconfigure-spi/1.59.0/opentelemetry-sdk-extension-autoconfigure-spi-1.59.0.jar
2026-03-14 18:51:50,976 [Worker-77] INFO  o.e.m.c.i.e.AbstractTransferListenerAdapter - Downloading https://repo.maven.apache.org/maven2/io/opentelemetry/opentelemetry-sdk-extension-autoconfigure/1.59.0/opentelemetry-sdk-extension-autoconfigure-1.59.0.jar
2026-03-14 18:51:51,240 [Worker-77] INFO  o.e.m.c.i.e.AbstractTransferListenerAdapter - Downloaded https://repo.maven.apache.org/maven2/io/opentelemetry/opentelemetry-sdk-extension-autoconfigure/1.59.0/opentelemetry-sdk-extension-autoconfigure-1.59.0.jar
2026-03-14 18:51:51,285 [Worker-77] INFO  o.e.m.c.i.e.AbstractTransferListenerAdapter - Downloading https://repo.maven.apache.org/maven2/io/opentelemetry/opentelemetry-sdk-trace/1.59.0/opentelemetry-sdk-trace-1.59.0.jar
2026-03-14 18:51:51,398 [Worker-77] INFO  o.e.m.c.i.e.AbstractTransferListenerAdapter - Downloaded https://repo.maven.apache.org/maven2/io/opentelemetry/opentelemetry-sdk-trace/1.59.0/opentelemetry-sdk-trace-1.59.0.jar
2026-03-14 18:51:51,454 [Worker-77] INFO  o.e.m.c.i.e.AbstractTransferListenerAdapter - Downloading https://repo.maven.apache.org/maven2/io/opentelemetry/opentelemetry-sdk/1.59.0/opentelemetry-sdk-1.59.0.jar
2026-03-14 18:51:51,635 [Worker-77] INFO  o.e.m.c.i.e.AbstractTransferListenerAdapter - Downloaded https://repo.maven.apache.org/maven2/io/opentelemetry/opentelemetry-sdk/1.59.0/opentelemetry-sdk-1.59.0.jar
2026-03-14 18:51:51,687 [Worker-77] INFO  o.e.m.c.i.e.AbstractTransferListenerAdapter - Downloading https://repo.maven.apache.org/maven2/io/opentelemetry/opentelemetry-sdk-metrics/1.59.0/opentelemetry-sdk-metrics-1.59.0.jar
2026-03-14 18:51:51,924 [Worker-77] INFO  o.e.m.c.i.e.AbstractTransferListenerAdapter - Downloaded https://repo.maven.apache.org/maven2/io/opentelemetry/opentelemetry-sdk-metrics/1.59.0/opentelemetry-sdk-metrics-1.59.0.jar
2026-03-14 18:51:51,984 [Worker-77] INFO  o.e.m.c.i.e.AbstractTransferListenerAdapter - Downloading https://repo.maven.apache.org/maven2/io/opentelemetry/opentelemetry-sdk-logs/1.59.0/opentelemetry-sdk-logs-1.59.0.jar
2026-03-14 18:51:52,079 [Worker-77] INFO  o.e.m.c.i.e.AbstractTransferListenerAdapter - Downloaded https://repo.maven.apache.org/maven2/io/opentelemetry/opentelemetry-sdk-logs/1.59.0/opentelemetry-sdk-logs-1.59.0.jar
2026-03-14 18:51:52,135 [Worker-77] INFO  o.e.m.c.i.e.AbstractTransferListenerAdapter - Downloading https://repo.maven.apache.org/maven2/net/bytebuddy/byte-buddy/1.18.5/byte-buddy-1.18.5.jar
2026-03-14 18:51:54,672 [Worker-77] INFO  o.e.m.c.i.e.AbstractTransferListenerAdapter - Downloaded https://repo.maven.apache.org/maven2/net/bytebuddy/byte-buddy/1.18.5/byte-buddy-1.18.5.jar
2026-03-14 18:51:54,726 [Worker-77] INFO  o.e.m.c.i.e.AbstractTransferListenerAdapter - Downloading https://repo.maven.apache.org/maven2/org/seleniumhq/selenium/selenium-os/4.41.0/selenium-os-4.41.0.jar
2026-03-14 18:51:54,862 [Worker-77] INFO  o.e.m.c.i.e.AbstractTransferListenerAdapter - Downloaded https://repo.maven.apache.org/maven2/org/seleniumhq/selenium/selenium-os/4.41.0/selenium-os-4.41.0.jar
2026-03-14 18:51:54,916 [Worker-77] INFO  o.e.m.c.i.e.AbstractTransferListenerAdapter - Downloading https://repo.maven.apache.org/maven2/org/seleniumhq/selenium/selenium-safari-driver/4.41.0/selenium-safari-driver-4.41.0.jar
2026-03-14 18:51:55,175 [Worker-77] INFO  o.e.m.c.i.e.AbstractTransferListenerAdapter - Downloaded https://repo.maven.apache.org/maven2/org/seleniumhq/selenium/selenium-safari-driver/4.41.0/selenium-safari-driver-4.41.0.jar
2026-03-14 18:51:55,230 [Worker-77] INFO  o.e.m.c.i.e.AbstractTransferListenerAdapter - Downloading https://repo.maven.apache.org/maven2/org/seleniumhq/selenium/selenium-support/4.41.0/selenium-support-4.41.0.jar
2026-03-14 18:51:55,333 [Worker-77] INFO  o.e.m.c.i.e.AbstractTransferListenerAdapter - Downloaded https://repo.maven.apache.org/maven2/org/seleniumhq/selenium/selenium-support/4.41.0/selenium-support-4.41.0.jar
2026-03-14 18:51:57,993 [Worker-77] INFO  o.e.m.c.i.embedder.EclipseLogger - Using 'UTF-8' encoding to copy filtered resources.
2026-03-14 18:51:57,993 [Worker-77] INFO  o.e.m.c.i.embedder.EclipseLogger - skip non existing resourceDirectory F:\Ashish\Final\ashishFinalSeleniumFramwork\src\main\resources
2026-03-14 18:51:57,995 [Worker-77] INFO  o.e.m.c.i.embedder.EclipseLogger - Using 'UTF-8' encoding to copy filtered resources.
2026-03-14 18:51:57,996 [Worker-77] INFO  o.e.m.c.i.embedder.EclipseLogger - skip non existing resourceDirectory F:\Ashish\Final\ashishFinalSeleniumFramwork\src\test\resources
2026-03-14 18:51:59,620 [Worker-71] INFO  o.e.m.c.i.embedder.EclipseLogger - Using 'UTF-8' encoding to copy filtered resources.
2026-03-14 18:51:59,620 [Worker-71] INFO  o.e.m.c.i.embedder.EclipseLogger - skip non existing resourceDirectory F:\Ashish\Final\ashishFinalSeleniumFramwork\src\main\resources
2026-03-14 18:51:59,621 [Worker-71] INFO  o.e.m.c.i.embedder.EclipseLogger - Using 'UTF-8' encoding to copy filtered resources.
2026-03-14 18:51:59,621 [Worker-71] INFO  o.e.m.c.i.embedder.EclipseLogger - skip non existing resourceDirectory F:\Ashish\Final\ashishFinalSeleniumFramwork\src\test\resources
2026-03-14 18:53:17,961 [Worker-77] INFO  o.e.m.c.i.l.LifecycleMappingFactory - Using org.eclipse.m2e.jdt.JarLifecycleMapping lifecycle mapping for MavenProject: ashishFinal:ashishFinalSeleniumFramwork:0.0.1-SNAPSHOT @ F:\Ashish\Final\ashishFinalSeleniumFramwork\pom.xml.
2026-03-14 18:53:18,169 [Worker-77] INFO  o.e.m.c.i.embedder.EclipseLogger - Using 'UTF-8' encoding to copy filtered resources.
2026-03-14 18:53:18,169 [Worker-77] INFO  o.e.m.c.i.embedder.EclipseLogger - skip non existing resourceDirectory F:\Ashish\Final\ashishFinalSeleniumFramwork\src\main\resources
2026-03-14 18:53:18,170 [Worker-77] INFO  o.e.m.c.i.embedder.EclipseLogger - Using 'UTF-8' encoding to copy filtered resources.
2026-03-14 18:53:18,170 [Worker-77] INFO  o.e.m.c.i.embedder.EclipseLogger - skip non existing resourceDirectory F:\Ashish\Final\ashishFinalSeleniumFramwork\src\test\resources
2026-03-14 18:53:19,482 [Worker-36] INFO  o.e.m.c.i.embedder.EclipseLogger - Using 'UTF-8' encoding to copy filtered resources.
2026-03-14 18:53:19,482 [Worker-36] INFO  o.e.m.c.i.embedder.EclipseLogger - skip non existing resourceDirectory F:\Ashish\Final\ashishFinalSeleniumFramwork\src\main\resources
2026-03-14 18:53:19,484 [Worker-36] INFO  o.e.m.c.i.embedder.EclipseLogger - Using 'UTF-8' encoding to copy filtered resources.
2026-03-14 18:53:19,484 [Worker-36] INFO  o.e.m.c.i.embedder.EclipseLogger - skip non existing resourceDirectory F:\Ashish\Final\ashishFinalSeleniumFramwork\src\test\resources
2026-03-14 18:54:48,702 [Worker-77] INFO  o.e.m.c.i.embedder.EclipseLogger - Using 'UTF-8' encoding to copy filtered resources.
2026-03-14 18:54:48,702 [Worker-77] INFO  o.e.m.c.i.embedder.EclipseLogger - skip non existing resourceDirectory F:\Ashish\Final\ashishFinalSeleniumFramwork\src\main\resources
2026-03-14 18:54:48,706 [Worker-77] INFO  o.e.m.c.i.embedder.EclipseLogger - Using 'UTF-8' encoding to copy filtered resources.
2026-03-14 18:54:48,706 [Worker-77] INFO  o.e.m.c.i.embedder.EclipseLogger - skip non existing resourceDirectory F:\Ashish\Final\ashishFinalSeleniumFramwork\src\test\resources
2026-03-14 18:55:19,638 [Worker-76] INFO  o.e.m.c.i.embedder.EclipseLogger - Using 'UTF-8' encoding to copy filtered resources.
2026-03-14 18:55:19,639 [Worker-76] INFO  o.e.m.c.i.embedder.EclipseLogger - skip non existing resourceDirectory F:\Ashish\Final\ashishFinalSeleniumFramwork\src\main\resources
2026-03-14 18:55:19,640 [Worker-76] INFO  o.e.m.c.i.embedder.EclipseLogger - Using 'UTF-8' encoding to copy filtered resources.
2026-03-14 18:55:19,640 [Worker-76] INFO  o.e.m.c.i.embedder.EclipseLogger - skip non existing resourceDirectory F:\Ashish\Final\ashishFinalSeleniumFramwork\src\test\resources
2026-03-14 18:55:40,111 [Worker-76] INFO  o.e.m.c.i.embedder.EclipseLogger - Using 'UTF-8' encoding to copy filtered resources.
2026-03-14 18:55:40,112 [Worker-76] INFO  o.e.m.c.i.embedder.EclipseLogger - skip non existing resourceDirectory F:\Ashish\Final\ashishFinalSeleniumFramwork\src\main\resources
2026-03-14 18:55:40,114 [Worker-76] INFO  o.e.m.c.i.embedder.EclipseLogger - Using 'UTF-8' encoding to copy filtered resources.
2026-03-14 18:55:40,114 [Worker-76] INFO  o.e.m.c.i.embedder.EclipseLogger - skip non existing resourceDirectory F:\Ashish\Final\ashishFinalSeleniumFramwork\src\test\resources
2026-03-14 18:58:58,755 [Worker-82] INFO  o.e.m.c.i.l.LifecycleMappingFactory - Using org.eclipse.m2e.jdt.JarLifecycleMapping lifecycle mapping for MavenProject: ashishFinal:ashishFinalSeleniumFramwork:0.0.1-SNAPSHOT @ F:\Ashish\Final\ashishFinalSeleniumFramwork\pom.xml.
2026-03-14 18:58:59,470 [Worker-82] INFO  o.e.m.c.i.e.AbstractTransferListenerAdapter - Downloaded https://repo.maven.apache.org/maven2/io/github/bonigarcia/webdrivermanager/6.3.3/webdrivermanager-6.3.3.pom
2026-03-14 18:58:59,868 [Worker-82] INFO  o.e.m.c.i.e.AbstractTransferListenerAdapter - Downloaded https://repo.maven.apache.org/maven2/com/google/code/gson/gson/2.13.2/gson-2.13.2.pom
2026-03-14 18:59:00,084 [Worker-82] INFO  o.e.m.c.i.e.AbstractTransferListenerAdapter - Downloaded https://repo.maven.apache.org/maven2/com/google/code/gson/gson-parent/2.13.2/gson-parent-2.13.2.pom
2026-03-14 18:59:00,589 [Worker-82] INFO  o.e.m.c.i.e.AbstractTransferListenerAdapter - Downloaded https://repo.maven.apache.org/maven2/com/github/docker-java/docker-java/3.6.0/docker-java-3.6.0.pom
2026-03-14 18:59:01,083 [Worker-82] INFO  o.e.m.c.i.e.AbstractTransferListenerAdapter - Downloaded https://repo.maven.apache.org/maven2/com/github/docker-java/docker-java-parent/3.6.0/docker-java-parent-3.6.0.pom
2026-03-14 18:59:01,720 [Worker-82] INFO  o.e.m.c.i.e.AbstractTransferListenerAdapter - Downloaded https://repo.maven.apache.org/maven2/com/github/docker-java/docker-java-core/3.6.0/docker-java-core-3.6.0.pom
2026-03-14 18:59:01,940 [Worker-82] INFO  o.e.m.c.i.e.AbstractTransferListenerAdapter - Downloaded https://repo.maven.apache.org/maven2/com/github/docker-java/docker-java-api/3.6.0/docker-java-api-3.6.0.pom
2026-03-14 18:59:02,355 [Worker-82] INFO  o.e.m.c.i.e.AbstractTransferListenerAdapter - Downloaded https://repo.maven.apache.org/maven2/com/fasterxml/jackson/core/jackson-annotations/2.19.2/jackson-annotations-2.19.2.pom
2026-03-14 18:59:02,504 [Worker-82] INFO  o.e.m.c.i.e.AbstractTransferListenerAdapter - Downloaded https://repo.maven.apache.org/maven2/com/fasterxml/jackson/jackson-parent/2.19.3/jackson-parent-2.19.3.pom
2026-03-14 18:59:02,665 [Worker-82] INFO  o.e.m.c.i.e.AbstractTransferListenerAdapter - Downloaded https://repo.maven.apache.org/maven2/com/fasterxml/oss-parent/69/oss-parent-69.pom
2026-03-14 18:59:02,935 [Worker-82] INFO  o.e.m.c.i.e.AbstractTransferListenerAdapter - Downloaded https://repo.maven.apache.org/maven2/com/github/docker-java/docker-java-transport/3.6.0/docker-java-transport-3.6.0.pom
2026-03-14 18:59:03,102 [Worker-82] INFO  o.e.m.c.i.e.AbstractTransferListenerAdapter - Downloaded https://repo.maven.apache.org/maven2/commons-io/commons-io/2.20.0/commons-io-2.20.0.pom
2026-03-14 18:59:03,354 [Worker-82] INFO  o.e.m.c.i.e.AbstractTransferListenerAdapter - Downloaded https://repo.maven.apache.org/maven2/org/apache/commons/commons-parent/85/commons-parent-85.pom
2026-03-14 18:59:03,519 [Worker-82] INFO  o.e.m.c.i.e.AbstractTransferListenerAdapter - Downloaded https://repo.maven.apache.org/maven2/org/apache/apache/35/apache-35.pom
2026-03-14 18:59:03,703 [Worker-82] INFO  o.e.m.c.i.e.AbstractTransferListenerAdapter - Downloaded https://repo.maven.apache.org/maven2/org/junit/junit-bom/5.13.1/junit-bom-5.13.1.pom
2026-03-14 18:59:03,952 [Worker-82] INFO  o.e.m.c.i.e.AbstractTransferListenerAdapter - Downloaded https://repo.maven.apache.org/maven2/org/apache/commons/commons-compress/1.28.0/commons-compress-1.28.0.pom
2026-03-14 18:59:04,201 [Worker-82] INFO  o.e.m.c.i.e.AbstractTransferListenerAdapter - Downloaded https://repo.maven.apache.org/maven2/commons-codec/commons-codec/1.19.0/commons-codec-1.19.0.pom
2026-03-14 18:59:04,402 [Worker-82] INFO  o.e.m.c.i.e.AbstractTransferListenerAdapter - Downloaded https://repo.maven.apache.org/maven2/org/apache/commons/commons-lang3/3.18.0/commons-lang3-3.18.0.pom
2026-03-14 18:59:04,621 [Worker-82] INFO  o.e.m.c.i.e.AbstractTransferListenerAdapter - Downloaded https://repo.maven.apache.org/maven2/com/fasterxml/jackson/core/jackson-databind/2.19.2/jackson-databind-2.19.2.pom
2026-03-14 18:59:05,071 [Worker-82] INFO  o.e.m.c.i.e.AbstractTransferListenerAdapter - Downloaded https://repo.maven.apache.org/maven2/com/fasterxml/jackson/jackson-base/2.19.2/jackson-base-2.19.2.pom
2026-03-14 18:59:05,300 [Worker-82] INFO  o.e.m.c.i.e.AbstractTransferListenerAdapter - Downloaded https://repo.maven.apache.org/maven2/com/fasterxml/jackson/jackson-bom/2.19.2/jackson-bom-2.19.2.pom
2026-03-14 18:59:05,463 [Worker-82] INFO  o.e.m.c.i.e.AbstractTransferListenerAdapter - Downloaded https://repo.maven.apache.org/maven2/org/junit/junit-bom/5.11.4/junit-bom-5.11.4.pom
2026-03-14 18:59:05,676 [Worker-82] INFO  o.e.m.c.i.e.AbstractTransferListenerAdapter - Downloaded https://repo.maven.apache.org/maven2/com/fasterxml/jackson/core/jackson-core/2.19.2/jackson-core-2.19.2.pom
2026-03-14 18:59:05,838 [Worker-82] INFO  o.e.m.c.i.e.AbstractTransferListenerAdapter - Downloaded https://repo.maven.apache.org/maven2/com/google/guava/guava/33.4.8-jre/guava-33.4.8-jre.pom
2026-03-14 18:59:06,281 [Worker-82] INFO  o.e.m.c.i.e.AbstractTransferListenerAdapter - Downloaded https://repo.maven.apache.org/maven2/com/google/guava/guava-parent/33.4.8-jre/guava-parent-33.4.8-jre.pom
2026-03-14 18:59:06,409 [Worker-82] INFO  o.e.m.c.i.e.AbstractTransferListenerAdapter - Downloaded https://repo.maven.apache.org/maven2/com/google/errorprone/error_prone_annotations/2.36.0/error_prone_annotations-2.36.0.pom
2026-03-14 18:59:06,829 [Worker-82] INFO  o.e.m.c.i.e.AbstractTransferListenerAdapter - Downloaded https://repo.maven.apache.org/maven2/com/google/errorprone/error_prone_parent/2.36.0/error_prone_parent-2.36.0.pom
2026-03-14 18:59:07,057 [Worker-82] INFO  o.e.m.c.i.e.AbstractTransferListenerAdapter - Downloaded https://repo.maven.apache.org/maven2/com/google/j2objc/j2objc-annotations/3.0.0/j2objc-annotations-3.0.0.pom
2026-03-14 18:59:07,309 [Worker-82] INFO  o.e.m.c.i.e.AbstractTransferListenerAdapter - Downloaded https://repo.maven.apache.org/maven2/org/slf4j/jcl-over-slf4j/1.7.30/jcl-over-slf4j-1.7.30.pom
2026-03-14 18:59:07,785 [Worker-82] INFO  o.e.m.c.i.e.AbstractTransferListenerAdapter - Downloaded https://repo.maven.apache.org/maven2/com/github/docker-java/docker-java-transport-httpclient5/3.6.0/docker-java-transport-httpclient5-3.6.0.pom
2026-03-14 18:59:08,206 [Worker-82] INFO  o.e.m.c.i.e.AbstractTransferListenerAdapter - Downloaded https://repo.maven.apache.org/maven2/org/apache/httpcomponents/client5/httpclient5/5.5/httpclient5-5.5.pom
2026-03-14 18:59:08,638 [Worker-82] INFO  o.e.m.c.i.e.AbstractTransferListenerAdapter - Downloaded https://repo.maven.apache.org/maven2/org/apache/httpcomponents/client5/httpclient5-parent/5.5/httpclient5-parent-5.5.pom
2026-03-14 18:59:08,860 [Worker-82] INFO  o.e.m.c.i.e.AbstractTransferListenerAdapter - Downloaded https://repo.maven.apache.org/maven2/org/apache/httpcomponents/httpcomponents-parent/14/httpcomponents-parent-14.pom
2026-03-14 18:59:08,974 [Worker-82] INFO  o.e.m.c.i.e.AbstractTransferListenerAdapter - Downloaded https://repo.maven.apache.org/maven2/org/apache/apache/27/apache-27.pom
2026-03-14 18:59:09,208 [Worker-82] INFO  o.e.m.c.i.e.AbstractTransferListenerAdapter - Downloaded https://repo.maven.apache.org/maven2/org/apache/httpcomponents/core5/httpcore5/5.3.4/httpcore5-5.3.4.pom
2026-03-14 18:59:09,344 [Worker-82] INFO  o.e.m.c.i.e.AbstractTransferListenerAdapter - Downloaded https://repo.maven.apache.org/maven2/org/apache/httpcomponents/core5/httpcore5-parent/5.3.4/httpcore5-parent-5.3.4.pom
2026-03-14 18:59:09,592 [Worker-82] INFO  o.e.m.c.i.e.AbstractTransferListenerAdapter - Downloaded https://repo.maven.apache.org/maven2/org/apache/httpcomponents/httpcomponents-parent/13/httpcomponents-parent-13.pom
2026-03-14 18:59:10,036 [Worker-82] INFO  o.e.m.c.i.e.AbstractTransferListenerAdapter - Downloaded https://repo.maven.apache.org/maven2/org/apache/httpcomponents/core5/httpcore5-h2/5.3.4/httpcore5-h2-5.3.4.pom
2026-03-14 18:59:10,286 [Worker-82] INFO  o.e.m.c.i.e.AbstractTransferListenerAdapter - Downloaded https://repo.maven.apache.org/maven2/net/java/dev/jna/jna/5.17.0/jna-5.17.0.pom
2026-03-14 18:59:10,435 [Worker-82] INFO  o.e.m.c.i.e.AbstractTransferListenerAdapter - Downloaded https://repo.maven.apache.org/maven2/org/brotli/dec/0.1.2/dec-0.1.2.pom
2026-03-14 18:59:10,855 [Worker-82] INFO  o.e.m.c.i.e.AbstractTransferListenerAdapter - Downloaded https://repo.maven.apache.org/maven2/org/brotli/parent/0.1.2/parent-0.1.2.pom
2026-03-14 18:59:11,281 [Worker-82] INFO  o.e.m.c.i.e.AbstractTransferListenerAdapter - Downloaded https://repo.maven.apache.org/maven2/org/apache/commons/commons-lang3/3.19.0/commons-lang3-3.19.0.pom
2026-03-14 18:59:11,449 [Worker-82] INFO  o.e.m.c.i.e.AbstractTransferListenerAdapter - Downloaded https://repo.maven.apache.org/maven2/org/apache/commons/commons-parent/88/commons-parent-88.pom
2026-03-14 18:59:11,669 [Worker-82] INFO  o.e.m.c.i.e.AbstractTransferListenerAdapter - Downloaded https://repo.maven.apache.org/maven2/org/apache/httpcomponents/client5/httpclient5/5.4.3/httpclient5-5.4.3.pom
2026-03-14 18:59:12,171 [Worker-82] INFO  o.e.m.c.i.e.AbstractTransferListenerAdapter - Downloaded https://repo.maven.apache.org/maven2/org/apache/httpcomponents/client5/httpclient5-parent/5.4.3/httpclient5-parent-5.4.3.pom
2026-03-14 18:59:12,310 [Worker-82] INFO  o.e.m.c.i.e.AbstractTransferListenerAdapter - Downloaded https://repo.maven.apache.org/maven2/org/junit/junit-bom/5.11.0/junit-bom-5.11.0.pom
2026-03-14 18:59:12,410 [Worker-82] INFO  o.e.m.c.i.e.AbstractTransferListenerAdapter - Downloading https://repo.maven.apache.org/maven2/io/github/bonigarcia/webdrivermanager/6.3.3/webdrivermanager-6.3.3.jar
2026-03-14 18:59:13,010 [Worker-82] INFO  o.e.m.c.i.e.AbstractTransferListenerAdapter - Downloaded https://repo.maven.apache.org/maven2/io/github/bonigarcia/webdrivermanager/6.3.3/webdrivermanager-6.3.3.jar
2026-03-14 18:59:13,065 [Worker-82] INFO  o.e.m.c.i.e.AbstractTransferListenerAdapter - Downloading https://repo.maven.apache.org/maven2/com/google/code/gson/gson/2.13.2/gson-2.13.2.jar
2026-03-14 18:59:13,315 [Worker-82] INFO  o.e.m.c.i.e.AbstractTransferListenerAdapter - Downloaded https://repo.maven.apache.org/maven2/com/google/code/gson/gson/2.13.2/gson-2.13.2.jar
2026-03-14 18:59:13,450 [Worker-82] INFO  o.e.m.c.i.e.AbstractTransferListenerAdapter - Downloading https://repo.maven.apache.org/maven2/com/github/docker-java/docker-java/3.6.0/docker-java-3.6.0.jar
2026-03-14 18:59:13,670 [Worker-82] INFO  o.e.m.c.i.e.AbstractTransferListenerAdapter - Downloaded https://repo.maven.apache.org/maven2/com/github/docker-java/docker-java/3.6.0/docker-java-3.6.0.jar
2026-03-14 18:59:13,709 [Worker-82] INFO  o.e.m.c.i.e.AbstractTransferListenerAdapter - Downloading https://repo.maven.apache.org/maven2/com/github/docker-java/docker-java-core/3.6.0/docker-java-core-3.6.0.jar
2026-03-14 18:59:13,980 [Worker-82] INFO  o.e.m.c.i.e.AbstractTransferListenerAdapter - Downloaded https://repo.maven.apache.org/maven2/com/github/docker-java/docker-java-core/3.6.0/docker-java-core-3.6.0.jar
2026-03-14 18:59:14,066 [Worker-82] INFO  o.e.m.c.i.e.AbstractTransferListenerAdapter - Downloading https://repo.maven.apache.org/maven2/com/github/docker-java/docker-java-api/3.6.0/docker-java-api-3.6.0.jar
2026-03-14 18:59:14,385 [Worker-82] INFO  o.e.m.c.i.e.AbstractTransferListenerAdapter - Downloaded https://repo.maven.apache.org/maven2/com/github/docker-java/docker-java-api/3.6.0/docker-java-api-3.6.0.jar
2026-03-14 18:59:14,442 [Worker-82] INFO  o.e.m.c.i.e.AbstractTransferListenerAdapter - Downloading https://repo.maven.apache.org/maven2/com/fasterxml/jackson/core/jackson-annotations/2.19.2/jackson-annotations-2.19.2.jar
2026-03-14 18:59:14,644 [Worker-82] INFO  o.e.m.c.i.e.AbstractTransferListenerAdapter - Downloaded https://repo.maven.apache.org/maven2/com/fasterxml/jackson/core/jackson-annotations/2.19.2/jackson-annotations-2.19.2.jar
2026-03-14 18:59:14,705 [Worker-82] INFO  o.e.m.c.i.e.AbstractTransferListenerAdapter - Downloading https://repo.maven.apache.org/maven2/com/fasterxml/jackson/core/jackson-databind/2.19.2/jackson-databind-2.19.2.jar
2026-03-14 18:59:15,252 [Worker-82] INFO  o.e.m.c.i.e.AbstractTransferListenerAdapter - Downloaded https://repo.maven.apache.org/maven2/com/fasterxml/jackson/core/jackson-databind/2.19.2/jackson-databind-2.19.2.jar
2026-03-14 18:59:15,327 [Worker-82] INFO  o.e.m.c.i.e.AbstractTransferListenerAdapter - Downloading https://repo.maven.apache.org/maven2/com/fasterxml/jackson/core/jackson-core/2.19.2/jackson-core-2.19.2.jar
2026-03-14 18:59:15,826 [Worker-82] INFO  o.e.m.c.i.e.AbstractTransferListenerAdapter - Downloaded https://repo.maven.apache.org/maven2/com/fasterxml/jackson/core/jackson-core/2.19.2/jackson-core-2.19.2.jar
2026-03-14 18:59:15,885 [Worker-82] INFO  o.e.m.c.i.e.AbstractTransferListenerAdapter - Downloading https://repo.maven.apache.org/maven2/org/slf4j/jcl-over-slf4j/1.7.30/jcl-over-slf4j-1.7.30.jar
2026-03-14 18:59:16,170 [Worker-82] INFO  o.e.m.c.i.e.AbstractTransferListenerAdapter - Downloaded https://repo.maven.apache.org/maven2/org/slf4j/jcl-over-slf4j/1.7.30/jcl-over-slf4j-1.7.30.jar
2026-03-14 18:59:16,252 [Worker-82] INFO  o.e.m.c.i.e.AbstractTransferListenerAdapter - Downloading https://repo.maven.apache.org/maven2/com/github/docker-java/docker-java-transport-httpclient5/3.6.0/docker-java-transport-httpclient5-3.6.0.jar
2026-03-14 18:59:16,517 [Worker-82] INFO  o.e.m.c.i.e.AbstractTransferListenerAdapter - Downloaded https://repo.maven.apache.org/maven2/com/github/docker-java/docker-java-transport-httpclient5/3.6.0/docker-java-transport-httpclient5-3.6.0.jar
2026-03-14 18:59:16,642 [Worker-82] INFO  o.e.m.c.i.e.AbstractTransferListenerAdapter - Downloading https://repo.maven.apache.org/maven2/com/github/docker-java/docker-java-transport/3.6.0/docker-java-transport-3.6.0.jar
2026-03-14 18:59:17,075 [Worker-82] INFO  o.e.m.c.i.e.AbstractTransferListenerAdapter - Downloaded https://repo.maven.apache.org/maven2/com/github/docker-java/docker-java-transport/3.6.0/docker-java-transport-3.6.0.jar
2026-03-14 18:59:17,142 [Worker-82] INFO  o.e.m.c.i.e.AbstractTransferListenerAdapter - Downloading https://repo.maven.apache.org/maven2/net/java/dev/jna/jna/5.17.0/jna-5.17.0.jar
2026-03-14 18:59:17,589 [Worker-82] INFO  o.e.m.c.i.e.AbstractTransferListenerAdapter - Downloaded https://repo.maven.apache.org/maven2/net/java/dev/jna/jna/5.17.0/jna-5.17.0.jar
2026-03-14 18:59:17,653 [Worker-82] INFO  o.e.m.c.i.e.AbstractTransferListenerAdapter - Downloading https://repo.maven.apache.org/maven2/org/brotli/dec/0.1.2/dec-0.1.2.jar
2026-03-14 18:59:17,875 [Worker-82] INFO  o.e.m.c.i.e.AbstractTransferListenerAdapter - Downloaded https://repo.maven.apache.org/maven2/org/brotli/dec/0.1.2/dec-0.1.2.jar
2026-03-14 18:59:17,935 [Worker-82] INFO  o.e.m.c.i.e.AbstractTransferListenerAdapter - Downloading https://repo.maven.apache.org/maven2/org/apache/commons/commons-lang3/3.19.0/commons-lang3-3.19.0.jar
2026-03-14 18:59:18,204 [Worker-82] INFO  o.e.m.c.i.e.AbstractTransferListenerAdapter - Downloaded https://repo.maven.apache.org/maven2/org/apache/commons/commons-lang3/3.19.0/commons-lang3-3.19.0.jar
2026-03-14 18:59:18,271 [Worker-82] INFO  o.e.m.c.i.e.AbstractTransferListenerAdapter - Downloading https://repo.maven.apache.org/maven2/org/apache/commons/commons-compress/1.28.0/commons-compress-1.28.0.jar
2026-03-14 18:59:19,011 [Worker-82] INFO  o.e.m.c.i.e.AbstractTransferListenerAdapter - Downloaded https://repo.maven.apache.org/maven2/org/apache/commons/commons-compress/1.28.0/commons-compress-1.28.0.jar
2026-03-14 18:59:19,075 [Worker-82] INFO  o.e.m.c.i.e.AbstractTransferListenerAdapter - Downloading https://repo.maven.apache.org/maven2/commons-codec/commons-codec/1.19.0/commons-codec-1.19.0.jar
2026-03-14 18:59:19,214 [Worker-82] INFO  o.e.m.c.i.e.AbstractTransferListenerAdapter - Downloaded https://repo.maven.apache.org/maven2/commons-codec/commons-codec/1.19.0/commons-codec-1.19.0.jar
2026-03-14 18:59:19,292 [Worker-82] INFO  o.e.m.c.i.e.AbstractTransferListenerAdapter - Downloading https://repo.maven.apache.org/maven2/commons-io/commons-io/2.20.0/commons-io-2.20.0.jar
2026-03-14 18:59:19,537 [Worker-82] INFO  o.e.m.c.i.e.AbstractTransferListenerAdapter - Downloaded https://repo.maven.apache.org/maven2/commons-io/commons-io/2.20.0/commons-io-2.20.0.jar
2026-03-14 18:59:19,658 [Worker-82] INFO  o.e.m.c.i.e.AbstractTransferListenerAdapter - Downloading https://repo.maven.apache.org/maven2/org/apache/httpcomponents/client5/httpclient5/5.4.3/httpclient5-5.4.3.jar
2026-03-14 18:59:20,107 [Worker-82] INFO  o.e.m.c.i.e.AbstractTransferListenerAdapter - Downloaded https://repo.maven.apache.org/maven2/org/apache/httpcomponents/client5/httpclient5/5.4.3/httpclient5-5.4.3.jar
2026-03-14 18:59:20,154 [Worker-82] INFO  o.e.m.c.i.e.AbstractTransferListenerAdapter - Downloading https://repo.maven.apache.org/maven2/org/apache/httpcomponents/core5/httpcore5/5.3.4/httpcore5-5.3.4.jar
2026-03-14 18:59:20,415 [Worker-82] INFO  o.e.m.c.i.e.AbstractTransferListenerAdapter - Downloaded https://repo.maven.apache.org/maven2/org/apache/httpcomponents/core5/httpcore5/5.3.4/httpcore5-5.3.4.jar
2026-03-14 18:59:20,467 [Worker-82] INFO  o.e.m.c.i.e.AbstractTransferListenerAdapter - Downloading https://repo.maven.apache.org/maven2/org/apache/httpcomponents/core5/httpcore5-h2/5.3.4/httpcore5-h2-5.3.4.jar
2026-03-14 18:59:20,690 [Worker-82] INFO  o.e.m.c.i.e.AbstractTransferListenerAdapter - Downloaded https://repo.maven.apache.org/maven2/org/apache/httpcomponents/core5/httpcore5-h2/5.3.4/httpcore5-h2-5.3.4.jar
2026-03-14 18:59:22,864 [Worker-82] INFO  o.e.m.c.i.embedder.EclipseLogger - Using 'UTF-8' encoding to copy filtered resources.
2026-03-14 18:59:22,866 [Worker-82] INFO  o.e.m.c.i.embedder.EclipseLogger - skip non existing resourceDirectory F:\Ashish\Final\ashishFinalSeleniumFramwork\src\main\resources
2026-03-14 18:59:22,867 [Worker-82] INFO  o.e.m.c.i.embedder.EclipseLogger - Using 'UTF-8' encoding to copy filtered resources.
2026-03-14 18:59:22,867 [Worker-82] INFO  o.e.m.c.i.embedder.EclipseLogger - skip non existing resourceDirectory F:\Ashish\Final\ashishFinalSeleniumFramwork\src\test\resources
2026-03-14 18:59:24,293 [Worker-36] INFO  o.e.m.c.i.embedder.EclipseLogger - Using 'UTF-8' encoding to copy filtered resources.
2026-03-14 18:59:24,293 [Worker-36] INFO  o.e.m.c.i.embedder.EclipseLogger - skip non existing resourceDirectory F:\Ashish\Final\ashishFinalSeleniumFramwork\src\main\resources
2026-03-14 18:59:24,294 [Worker-36] INFO  o.e.m.c.i.embedder.EclipseLogger - Using 'UTF-8' encoding to copy filtered resources.
2026-03-14 18:59:24,294 [Worker-36] INFO  o.e.m.c.i.embedder.EclipseLogger - skip non existing resourceDirectory F:\Ashish\Final\ashishFinalSeleniumFramwork\src\test\resources
2026-03-14 19:00:33,548 [Worker-79] INFO  o.e.m.c.i.embedder.EclipseLogger - Using 'UTF-8' encoding to copy filtered resources.
2026-03-14 19:00:33,548 [Worker-79] INFO  o.e.m.c.i.embedder.EclipseLogger - skip non existing resourceDirectory F:\Ashish\Final\ashishFinalSeleniumFramwork\src\main\resources
2026-03-14 19:00:33,551 [Worker-79] INFO  o.e.m.c.i.embedder.EclipseLogger - Using 'UTF-8' encoding to copy filtered resources.
2026-03-14 19:00:33,551 [Worker-79] INFO  o.e.m.c.i.embedder.EclipseLogger - skip non existing resourceDirectory F:\Ashish\Final\ashishFinalSeleniumFramwork\src\test\resources
2026-03-14 19:01:39,043 [Worker-36] INFO  o.e.m.c.i.l.LifecycleMappingFactory - Using org.eclipse.m2e.jdt.JarLifecycleMapping lifecycle mapping for MavenProject: ashishFinal:ashishFinalSeleniumFramwork:0.0.1-SNAPSHOT @ F:\Ashish\Final\ashishFinalSeleniumFramwork\pom.xml.
2026-03-14 19:01:39,952 [Worker-36] INFO  o.e.m.c.i.e.AbstractTransferListenerAdapter - Downloaded https://repo.maven.apache.org/maven2/io/github/bonigarcia/webdrivermanager/5.1.0/webdrivermanager-5.1.0.pom
2026-03-14 19:01:40,201 [Worker-36] INFO  o.e.m.c.i.e.AbstractTransferListenerAdapter - Downloaded https://repo.maven.apache.org/maven2/com/google/code/gson/gson/2.9.0/gson-2.9.0.pom
2026-03-14 19:01:40,416 [Worker-36] INFO  o.e.m.c.i.e.AbstractTransferListenerAdapter - Downloaded https://repo.maven.apache.org/maven2/com/google/code/gson/gson-parent/2.9.0/gson-parent-2.9.0.pom
2026-03-14 19:01:40,908 [Worker-36] INFO  o.e.m.c.i.e.AbstractTransferListenerAdapter - Downloaded https://repo.maven.apache.org/maven2/com/github/docker-java/docker-java/3.2.13/docker-java-3.2.13.pom
2026-03-14 19:01:41,186 [Worker-36] INFO  o.e.m.c.i.e.AbstractTransferListenerAdapter - Downloaded https://repo.maven.apache.org/maven2/com/github/docker-java/docker-java-parent/3.2.13/docker-java-parent-3.2.13.pom
2026-03-14 19:01:41,515 [Worker-36] INFO  o.e.m.c.i.e.AbstractTransferListenerAdapter - Downloaded https://repo.maven.apache.org/maven2/com/github/docker-java/docker-java-core/3.2.13/docker-java-core-3.2.13.pom
2026-03-14 19:01:42,043 [Worker-36] INFO  o.e.m.c.i.e.AbstractTransferListenerAdapter - Downloaded https://repo.maven.apache.org/maven2/com/github/docker-java/docker-java-api/3.2.13/docker-java-api-3.2.13.pom
2026-03-14 19:01:42,257 [Worker-36] INFO  o.e.m.c.i.e.AbstractTransferListenerAdapter - Downloaded https://repo.maven.apache.org/maven2/com/fasterxml/jackson/core/jackson-annotations/2.10.3/jackson-annotations-2.10.3.pom
2026-03-14 19:01:42,399 [Worker-36] INFO  o.e.m.c.i.e.AbstractTransferListenerAdapter - Downloaded https://repo.maven.apache.org/maven2/com/fasterxml/jackson/jackson-parent/2.10/jackson-parent-2.10.pom
2026-03-14 19:01:42,552 [Worker-36] INFO  o.e.m.c.i.e.AbstractTransferListenerAdapter - Downloaded https://repo.maven.apache.org/maven2/com/fasterxml/oss-parent/38/oss-parent-38.pom
2026-03-14 19:01:43,171 [Worker-36] INFO  o.e.m.c.i.e.AbstractTransferListenerAdapter - Downloaded https://repo.maven.apache.org/maven2/com/github/docker-java/docker-java-transport/3.2.13/docker-java-transport-3.2.13.pom
2026-03-14 19:01:43,531 [Worker-36] INFO  o.e.m.c.i.e.AbstractTransferListenerAdapter - Downloaded https://repo.maven.apache.org/maven2/com/fasterxml/jackson/core/jackson-databind/2.10.3/jackson-databind-2.10.3.pom
2026-03-14 19:01:43,741 [Worker-36] INFO  o.e.m.c.i.e.AbstractTransferListenerAdapter - Downloaded https://repo.maven.apache.org/maven2/com/fasterxml/jackson/jackson-base/2.10.3/jackson-base-2.10.3.pom
2026-03-14 19:01:44,106 [Worker-36] INFO  o.e.m.c.i.e.AbstractTransferListenerAdapter - Downloaded https://repo.maven.apache.org/maven2/com/fasterxml/jackson/jackson-bom/2.10.3/jackson-bom-2.10.3.pom
2026-03-14 19:01:44,475 [Worker-36] INFO  o.e.m.c.i.e.AbstractTransferListenerAdapter - Downloaded https://repo.maven.apache.org/maven2/com/fasterxml/jackson/core/jackson-core/2.10.3/jackson-core-2.10.3.pom
2026-03-14 19:01:44,664 [Worker-36] INFO  o.e.m.c.i.e.AbstractTransferListenerAdapter - Downloaded https://repo.maven.apache.org/maven2/com/google/guava/guava/19.0/guava-19.0.pom
2026-03-14 19:01:44,917 [Worker-36] INFO  o.e.m.c.i.e.AbstractTransferListenerAdapter - Downloaded https://repo.maven.apache.org/maven2/com/google/guava/guava-parent/19.0/guava-parent-19.0.pom
2026-03-14 19:01:45,050 [Worker-36] INFO  o.e.m.c.i.e.AbstractTransferListenerAdapter - Downloaded https://repo.maven.apache.org/maven2/org/bouncycastle/bcpkix-jdk15on/1.64/bcpkix-jdk15on-1.64.pom
2026-03-14 19:01:45,288 [Worker-36] INFO  o.e.m.c.i.e.AbstractTransferListenerAdapter - Downloaded https://repo.maven.apache.org/maven2/org/bouncycastle/bcprov-jdk15on/1.64/bcprov-jdk15on-1.64.pom
2026-03-14 19:01:45,719 [Worker-36] INFO  o.e.m.c.i.e.AbstractTransferListenerAdapter - Downloaded https://repo.maven.apache.org/maven2/com/github/docker-java/docker-java-transport-httpclient5/3.2.13/docker-java-transport-httpclient5-3.2.13.pom
2026-03-14 19:01:45,840 [Worker-36] INFO  o.e.m.c.i.e.AbstractTransferListenerAdapter - Downloaded https://repo.maven.apache.org/maven2/org/apache/httpcomponents/client5/httpclient5/5.0.3/httpclient5-5.0.3.pom
2026-03-14 19:01:46,361 [Worker-36] INFO  o.e.m.c.i.e.AbstractTransferListenerAdapter - Downloaded https://repo.maven.apache.org/maven2/org/apache/httpcomponents/client5/httpclient5-parent/5.0.3/httpclient5-parent-5.0.3.pom
2026-03-14 19:01:46,945 [Worker-36] INFO  o.e.m.c.i.e.AbstractTransferListenerAdapter - Downloaded https://repo.maven.apache.org/maven2/org/apache/httpcomponents/httpcomponents-parent/12/httpcomponents-parent-12.pom
2026-03-14 19:01:47,186 [Worker-36] INFO  o.e.m.c.i.e.AbstractTransferListenerAdapter - Downloaded https://repo.maven.apache.org/maven2/org/apache/httpcomponents/core5/httpcore5/5.0.2/httpcore5-5.0.2.pom
2026-03-14 19:01:47,639 [Worker-36] INFO  o.e.m.c.i.e.AbstractTransferListenerAdapter - Downloaded https://repo.maven.apache.org/maven2/org/apache/httpcomponents/core5/httpcore5-parent/5.0.2/httpcore5-parent-5.0.2.pom
2026-03-14 19:01:47,784 [Worker-36] INFO  o.e.m.c.i.e.AbstractTransferListenerAdapter - Downloaded https://repo.maven.apache.org/maven2/org/slf4j/slf4j-api/1.7.25/slf4j-api-1.7.25.pom
2026-03-14 19:01:47,936 [Worker-36] INFO  o.e.m.c.i.e.AbstractTransferListenerAdapter - Downloaded https://repo.maven.apache.org/maven2/org/slf4j/slf4j-parent/1.7.25/slf4j-parent-1.7.25.pom
2026-03-14 19:01:48,450 [Worker-36] INFO  o.e.m.c.i.e.AbstractTransferListenerAdapter - Downloaded https://repo.maven.apache.org/maven2/commons-codec/commons-codec/1.13/commons-codec-1.13.pom
2026-03-14 19:01:48,911 [Worker-36] INFO  o.e.m.c.i.e.AbstractTransferListenerAdapter - Downloaded https://repo.maven.apache.org/maven2/net/java/dev/jna/jna/5.8.0/jna-5.8.0.pom
2026-03-14 19:01:49,391 [Worker-36] INFO  o.e.m.c.i.e.AbstractTransferListenerAdapter - Downloading https://repo.maven.apache.org/maven2/io/github/bonigarcia/webdrivermanager/5.1.0/webdrivermanager-5.1.0.jar
2026-03-14 19:01:49,643 [Worker-36] INFO  o.e.m.c.i.e.AbstractTransferListenerAdapter - Downloaded https://repo.maven.apache.org/maven2/io/github/bonigarcia/webdrivermanager/5.1.0/webdrivermanager-5.1.0.jar
2026-03-14 19:01:49,692 [Worker-36] INFO  o.e.m.c.i.e.AbstractTransferListenerAdapter - Downloading https://repo.maven.apache.org/maven2/com/google/code/gson/gson/2.9.0/gson-2.9.0.jar
2026-03-14 19:01:49,832 [Worker-36] INFO  o.e.m.c.i.e.AbstractTransferListenerAdapter - Downloaded https://repo.maven.apache.org/maven2/com/google/code/gson/gson/2.9.0/gson-2.9.0.jar
2026-03-14 19:01:49,969 [Worker-36] INFO  o.e.m.c.i.e.AbstractTransferListenerAdapter - Downloading https://repo.maven.apache.org/maven2/com/github/docker-java/docker-java/3.2.13/docker-java-3.2.13.jar
2026-03-14 19:01:50,199 [Worker-36] INFO  o.e.m.c.i.e.AbstractTransferListenerAdapter - Downloaded https://repo.maven.apache.org/maven2/com/github/docker-java/docker-java/3.2.13/docker-java-3.2.13.jar
2026-03-14 19:01:50,366 [Worker-36] INFO  o.e.m.c.i.e.AbstractTransferListenerAdapter - Downloading https://repo.maven.apache.org/maven2/com/github/docker-java/docker-java-core/3.2.13/docker-java-core-3.2.13.jar
2026-03-14 19:01:50,584 [Worker-36] INFO  o.e.m.c.i.e.AbstractTransferListenerAdapter - Downloaded https://repo.maven.apache.org/maven2/com/github/docker-java/docker-java-core/3.2.13/docker-java-core-3.2.13.jar
2026-03-14 19:01:50,740 [Worker-36] INFO  o.e.m.c.i.e.AbstractTransferListenerAdapter - Downloading https://repo.maven.apache.org/maven2/com/github/docker-java/docker-java-api/3.2.13/docker-java-api-3.2.13.jar
2026-03-14 19:01:50,998 [Worker-36] INFO  o.e.m.c.i.e.AbstractTransferListenerAdapter - Downloaded https://repo.maven.apache.org/maven2/com/github/docker-java/docker-java-api/3.2.13/docker-java-api-3.2.13.jar
2026-03-14 19:01:51,119 [Worker-36] INFO  o.e.m.c.i.e.AbstractTransferListenerAdapter - Downloading https://repo.maven.apache.org/maven2/com/fasterxml/jackson/core/jackson-annotations/2.10.3/jackson-annotations-2.10.3.jar
2026-03-14 19:01:51,283 [Worker-36] INFO  o.e.m.c.i.e.AbstractTransferListenerAdapter - Downloaded https://repo.maven.apache.org/maven2/com/fasterxml/jackson/core/jackson-annotations/2.10.3/jackson-annotations-2.10.3.jar
2026-03-14 19:01:51,351 [Worker-36] INFO  o.e.m.c.i.e.AbstractTransferListenerAdapter - Downloading https://repo.maven.apache.org/maven2/org/apache/commons/commons-compress/1.21/commons-compress-1.21.jar
2026-03-14 19:01:51,540 [Worker-36] INFO  o.e.m.c.i.e.AbstractTransferListenerAdapter - Downloaded https://repo.maven.apache.org/maven2/org/apache/commons/commons-compress/1.21/commons-compress-1.21.jar
2026-03-14 19:01:51,695 [Worker-36] INFO  o.e.m.c.i.e.AbstractTransferListenerAdapter - Downloading https://repo.maven.apache.org/maven2/com/fasterxml/jackson/core/jackson-databind/2.10.3/jackson-databind-2.10.3.jar
2026-03-14 19:01:52,001 [Worker-36] INFO  o.e.m.c.i.e.AbstractTransferListenerAdapter - Downloaded https://repo.maven.apache.org/maven2/com/fasterxml/jackson/core/jackson-databind/2.10.3/jackson-databind-2.10.3.jar
2026-03-14 19:01:52,425 [Worker-36] INFO  o.e.m.c.i.e.AbstractTransferListenerAdapter - Downloading https://repo.maven.apache.org/maven2/com/fasterxml/jackson/core/jackson-core/2.10.3/jackson-core-2.10.3.jar
2026-03-14 19:01:52,631 [Worker-36] INFO  o.e.m.c.i.e.AbstractTransferListenerAdapter - Downloaded https://repo.maven.apache.org/maven2/com/fasterxml/jackson/core/jackson-core/2.10.3/jackson-core-2.10.3.jar
2026-03-14 19:01:52,680 [Worker-36] INFO  o.e.m.c.i.e.AbstractTransferListenerAdapter - Downloading https://repo.maven.apache.org/maven2/org/bouncycastle/bcpkix-jdk15on/1.64/bcpkix-jdk15on-1.64.jar
2026-03-14 19:01:52,963 [Worker-36] INFO  o.e.m.c.i.e.AbstractTransferListenerAdapter - Downloaded https://repo.maven.apache.org/maven2/org/bouncycastle/bcpkix-jdk15on/1.64/bcpkix-jdk15on-1.64.jar
2026-03-14 19:01:53,038 [Worker-36] INFO  o.e.m.c.i.e.AbstractTransferListenerAdapter - Downloading https://repo.maven.apache.org/maven2/org/bouncycastle/bcprov-jdk15on/1.64/bcprov-jdk15on-1.64.jar
2026-03-14 19:01:53,877 [Worker-36] INFO  o.e.m.c.i.e.AbstractTransferListenerAdapter - Downloaded https://repo.maven.apache.org/maven2/org/bouncycastle/bcprov-jdk15on/1.64/bcprov-jdk15on-1.64.jar
2026-03-14 19:01:54,003 [Worker-36] INFO  o.e.m.c.i.e.AbstractTransferListenerAdapter - Downloading https://repo.maven.apache.org/maven2/com/github/docker-java/docker-java-transport-httpclient5/3.2.13/docker-java-transport-httpclient5-3.2.13.jar
2026-03-14 19:01:54,519 [Worker-36] INFO  o.e.m.c.i.e.AbstractTransferListenerAdapter - Downloaded https://repo.maven.apache.org/maven2/com/github/docker-java/docker-java-transport-httpclient5/3.2.13/docker-java-transport-httpclient5-3.2.13.jar
2026-03-14 19:01:54,576 [Worker-36] INFO  o.e.m.c.i.e.AbstractTransferListenerAdapter - Downloading https://repo.maven.apache.org/maven2/com/github/docker-java/docker-java-transport/3.2.13/docker-java-transport-3.2.13.jar
2026-03-14 19:01:55,005 [Worker-36] INFO  o.e.m.c.i.e.AbstractTransferListenerAdapter - Downloaded https://repo.maven.apache.org/maven2/com/github/docker-java/docker-java-transport/3.2.13/docker-java-transport-3.2.13.jar
2026-03-14 19:01:55,048 [Worker-36] INFO  o.e.m.c.i.e.AbstractTransferListenerAdapter - Downloading https://repo.maven.apache.org/maven2/org/apache/httpcomponents/client5/httpclient5/5.0.3/httpclient5-5.0.3.jar
2026-03-14 19:01:55,322 [Worker-36] INFO  o.e.m.c.i.e.AbstractTransferListenerAdapter - Downloaded https://repo.maven.apache.org/maven2/org/apache/httpcomponents/client5/httpclient5/5.0.3/httpclient5-5.0.3.jar
2026-03-14 19:01:55,767 [Worker-36] INFO  o.e.m.c.i.e.AbstractTransferListenerAdapter - Downloading https://repo.maven.apache.org/maven2/org/apache/httpcomponents/core5/httpcore5/5.0.2/httpcore5-5.0.2.jar
2026-03-14 19:01:55,932 [Worker-36] INFO  o.e.m.c.i.e.AbstractTransferListenerAdapter - Downloaded https://repo.maven.apache.org/maven2/org/apache/httpcomponents/core5/httpcore5/5.0.2/httpcore5-5.0.2.jar
2026-03-14 19:01:56,276 [Worker-36] INFO  o.e.m.c.i.e.AbstractTransferListenerAdapter - Downloading https://repo.maven.apache.org/maven2/commons-codec/commons-codec/1.13/commons-codec-1.13.jar
2026-03-14 19:01:56,638 [Worker-36] INFO  o.e.m.c.i.e.AbstractTransferListenerAdapter - Downloaded https://repo.maven.apache.org/maven2/commons-codec/commons-codec/1.13/commons-codec-1.13.jar
2026-03-14 19:01:57,057 [Worker-36] INFO  o.e.m.c.i.e.AbstractTransferListenerAdapter - Downloading https://repo.maven.apache.org/maven2/net/java/dev/jna/jna/5.8.0/jna-5.8.0.jar
2026-03-14 19:01:57,388 [Worker-36] INFO  o.e.m.c.i.e.AbstractTransferListenerAdapter - Downloaded https://repo.maven.apache.org/maven2/net/java/dev/jna/jna/5.8.0/jna-5.8.0.jar
2026-03-14 19:01:58,837 [Worker-36] INFO  o.e.m.c.i.embedder.EclipseLogger - Using 'UTF-8' encoding to copy filtered resources.
2026-03-14 19:01:58,837 [Worker-36] INFO  o.e.m.c.i.embedder.EclipseLogger - skip non existing resourceDirectory F:\Ashish\Final\ashishFinalSeleniumFramwork\src\main\resources
2026-03-14 19:01:58,838 [Worker-36] INFO  o.e.m.c.i.embedder.EclipseLogger - Using 'UTF-8' encoding to copy filtered resources.
2026-03-14 19:01:58,838 [Worker-36] INFO  o.e.m.c.i.embedder.EclipseLogger - skip non existing resourceDirectory F:\Ashish\Final\ashishFinalSeleniumFramwork\src\test\resources
2026-03-14 19:01:59,261 [Worker-81] INFO  o.e.m.c.i.embedder.EclipseLogger - Using 'UTF-8' encoding to copy filtered resources.
2026-03-14 19:01:59,262 [Worker-81] INFO  o.e.m.c.i.embedder.EclipseLogger - skip non existing resourceDirectory F:\Ashish\Final\ashishFinalSeleniumFramwork\src\main\resources
2026-03-14 19:01:59,262 [Worker-81] INFO  o.e.m.c.i.embedder.EclipseLogger - Using 'UTF-8' encoding to copy filtered resources.
2026-03-14 19:01:59,262 [Worker-81] INFO  o.e.m.c.i.embedder.EclipseLogger - skip non existing resourceDirectory F:\Ashish\Final\ashishFinalSeleniumFramwork\src\test\resources
2026-03-14 19:04:41,218 [Worker-77] INFO  o.e.m.c.i.l.LifecycleMappingFactory - Using org.eclipse.m2e.jdt.JarLifecycleMapping lifecycle mapping for MavenProject: ashishFinal:ashishFinalSeleniumFramwork:0.0.1-SNAPSHOT @ F:\Ashish\Final\ashishFinalSeleniumFramwork\pom.xml.
2026-03-14 19:04:42,359 [Worker-77] INFO  o.e.m.c.i.embedder.EclipseLogger - Using 'UTF-8' encoding to copy filtered resources.
2026-03-14 19:04:42,360 [Worker-77] INFO  o.e.m.c.i.embedder.EclipseLogger - skip non existing resourceDirectory F:\Ashish\Final\ashishFinalSeleniumFramwork\src\main\resources
2026-03-14 19:04:42,361 [Worker-77] INFO  o.e.m.c.i.embedder.EclipseLogger - Using 'UTF-8' encoding to copy filtered resources.
2026-03-14 19:04:42,361 [Worker-77] INFO  o.e.m.c.i.embedder.EclipseLogger - skip non existing resourceDirectory F:\Ashish\Final\ashishFinalSeleniumFramwork\src\test\resources
2026-03-14 19:04:43,884 [Worker-77] INFO  o.e.m.c.i.embedder.EclipseLogger - Using 'UTF-8' encoding to copy filtered resources.
2026-03-14 19:04:43,884 [Worker-77] INFO  o.e.m.c.i.embedder.EclipseLogger - skip non existing resourceDirectory F:\Ashish\Final\ashishFinalSeleniumFramwork\src\main\resources
2026-03-14 19:04:43,885 [Worker-77] INFO  o.e.m.c.i.embedder.EclipseLogger - Using 'UTF-8' encoding to copy filtered resources.
2026-03-14 19:04:43,885 [Worker-77] INFO  o.e.m.c.i.embedder.EclipseLogger - skip non existing resourceDirectory F:\Ashish\Final\ashishFinalSeleniumFramwork\src\test\resources
2026-03-14 19:50:01,534 [Worker-16] INFO  o.e.m.c.i.embedder.EclipseLogger - Using 'UTF-8' encoding to copy filtered resources.
2026-03-14 19:50:01,540 [Worker-16] INFO  o.e.m.c.i.embedder.EclipseLogger - skip non existing resourceDirectory F:\Ashish\Final\ashishFinalSeleniumFramwork\src\main\resources
2026-03-14 19:50:01,542 [Worker-16] INFO  o.e.m.c.i.embedder.EclipseLogger - Using 'UTF-8' encoding to copy filtered resources.
2026-03-14 19:50:01,542 [Worker-16] INFO  o.e.m.c.i.embedder.EclipseLogger - skip non existing resourceDirectory F:\Ashish\Final\ashishFinalSeleniumFramwork\src\test\resources
2026-03-14 20:10:27,178 [Worker-27] INFO  o.e.m.c.i.embedder.EclipseLogger - Using 'UTF-8' encoding to copy filtered resources.
2026-03-14 20:10:27,178 [Worker-27] INFO  o.e.m.c.i.embedder.EclipseLogger - skip non existing resourceDirectory F:\Ashish\Final\ashishFinalSeleniumFramwork\src\main\resources
2026-03-14 20:10:27,178 [Worker-27] INFO  o.e.m.c.i.embedder.EclipseLogger - Using 'UTF-8' encoding to copy filtered resources.
2026-03-14 20:10:27,178 [Worker-27] INFO  o.e.m.c.i.embedder.EclipseLogger - skip non existing resourceDirectory F:\Ashish\Final\ashishFinalSeleniumFramwork\src\test\resources
2026-03-14 20:11:20,546 [Worker-26] INFO  o.e.m.c.i.embedder.EclipseLogger - Using 'UTF-8' encoding to copy filtered resources.
2026-03-14 20:11:20,546 [Worker-26] INFO  o.e.m.c.i.embedder.EclipseLogger - skip non existing resourceDirectory F:\Ashish\Final\ashishFinalSeleniumFramwork\src\main\resources
2026-03-14 20:11:20,546 [Worker-26] INFO  o.e.m.c.i.embedder.EclipseLogger - Using 'UTF-8' encoding to copy filtered resources.
2026-03-14 20:11:20,546 [Worker-26] INFO  o.e.m.c.i.embedder.EclipseLogger - skip non existing resourceDirectory F:\Ashish\Final\ashishFinalSeleniumFramwork\src\test\resources
2026-03-14 20:12:45,269 [Worker-33] INFO  o.e.m.c.i.embedder.EclipseLogger - Using 'UTF-8' encoding to copy filtered resources.
2026-03-14 20:12:45,269 [Worker-33] INFO  o.e.m.c.i.embedder.EclipseLogger - skip non existing resourceDirectory F:\Ashish\Final\ashishFinalSeleniumFramwork\src\main\resources
2026-03-14 20:12:45,273 [Worker-33] INFO  o.e.m.c.i.embedder.EclipseLogger - Using 'UTF-8' encoding to copy filtered resources.
2026-03-14 20:12:45,273 [Worker-33] INFO  o.e.m.c.i.embedder.EclipseLogger - skip non existing resourceDirectory F:\Ashish\Final\ashishFinalSeleniumFramwork\src\test\resources
2026-03-14 20:24:58,879 [Worker-1] INFO  o.e.m.c.i.embedder.EclipseLogger - Using 'UTF-8' encoding to copy filtered resources.
2026-03-14 20:24:58,884 [Worker-1] INFO  o.e.m.c.i.embedder.EclipseLogger - skip non existing resourceDirectory F:\Ashish\Final\ashishFinalSeleniumFramwork\src\main\resources
2026-03-14 20:24:58,886 [Worker-1] INFO  o.e.m.c.i.embedder.EclipseLogger - Using 'UTF-8' encoding to copy filtered resources.
2026-03-14 20:24:58,889 [Worker-1] INFO  o.e.m.c.i.embedder.EclipseLogger - skip non existing resourceDirectory F:\Ashish\Final\ashishFinalSeleniumFramwork\src\test\resources
2026-03-14 20:27:31,240 [Worker-3] INFO  o.e.m.c.i.l.LifecycleMappingFactory - Using org.eclipse.m2e.jdt.JarLifecycleMapping lifecycle mapping for MavenProject: ashishFinal:ashishFinalSeleniumFramwork:0.0.1-SNAPSHOT @ F:\Ashish\Final\ashishFinalSeleniumFramwork\pom.xml.
2026-03-14 20:27:31,696 [Worker-3] INFO  o.e.m.c.i.embedder.EclipseLogger - Using 'UTF-8' encoding to copy filtered resources.
2026-03-14 20:27:31,697 [Worker-3] INFO  o.e.m.c.i.embedder.EclipseLogger - skip non existing resourceDirectory F:\Ashish\Final\ashishFinalSeleniumFramwork\src\main\resources
2026-03-14 20:27:31,698 [Worker-3] INFO  o.e.m.c.i.embedder.EclipseLogger - Using 'UTF-8' encoding to copy filtered resources.
2026-03-14 20:27:31,698 [Worker-3] INFO  o.e.m.c.i.embedder.EclipseLogger - skip non existing resourceDirectory F:\Ashish\Final\ashishFinalSeleniumFramwork\src\test\resources
2026-03-14 20:27:33,187 [Worker-21] INFO  o.e.m.c.i.embedder.EclipseLogger - Using 'UTF-8' encoding to copy filtered resources.
2026-03-14 20:27:33,187 [Worker-21] INFO  o.e.m.c.i.embedder.EclipseLogger - skip non existing resourceDirectory F:\Ashish\Final\ashishFinalSeleniumFramwork\src\main\resources
2026-03-14 20:27:33,188 [Worker-21] INFO  o.e.m.c.i.embedder.EclipseLogger - Using 'UTF-8' encoding to copy filtered resources.
2026-03-14 20:27:33,188 [Worker-21] INFO  o.e.m.c.i.embedder.EclipseLogger - skip non existing resourceDirectory F:\Ashish\Final\ashishFinalSeleniumFramwork\src\test\resources
2026-03-14 20:46:31,780 [Worker-0] INFO  o.e.m.c.i.embedder.EclipseLogger - Using 'UTF-8' encoding to copy filtered resources.
2026-03-14 20:46:31,783 [Worker-0] INFO  o.e.m.c.i.embedder.EclipseLogger - skip non existing resourceDirectory F:\Ashish\Final\123\src\main\resources
2026-03-14 20:46:31,785 [Worker-0] INFO  o.e.m.c.i.embedder.EclipseLogger - Using 'UTF-8' encoding to copy filtered resources.
2026-03-14 20:46:31,786 [Worker-0] INFO  o.e.m.c.i.embedder.EclipseLogger - skip non existing resourceDirectory F:\Ashish\Final\123\src\test\resources
2026-03-14 20:46:33,144 [Worker-1] INFO  o.e.m.c.i.l.LifecycleMappingFactory - Using org.eclipse.m2e.jdt.JarLifecycleMapping lifecycle mapping for MavenProject: ashishFinal:ashishFinalSeleniumFramwork:0.0.1-SNAPSHOT @ F:\Ashish\Final\ashishFinalSeleniumFramwork\pom.xml.
2026-03-14 20:46:33,474 [Worker-1] INFO  o.e.m.c.i.embedder.EclipseLogger - Using 'UTF-8' encoding to copy filtered resources.
2026-03-14 20:46:33,474 [Worker-1] INFO  o.e.m.c.i.embedder.EclipseLogger - skip non existing resourceDirectory F:\Ashish\Final\ashishFinalSeleniumFramwork\src\main\resources
2026-03-14 20:46:33,475 [Worker-1] INFO  o.e.m.c.i.embedder.EclipseLogger - Using 'UTF-8' encoding to copy filtered resources.
2026-03-14 20:46:33,475 [Worker-1] INFO  o.e.m.c.i.embedder.EclipseLogger - skip non existing resourceDirectory F:\Ashish\Final\ashishFinalSeleniumFramwork\src\test\resources
2026-03-14 20:55:34,796 [Worker-5] INFO  o.e.m.c.i.embedder.EclipseLogger - Using 'UTF-8' encoding to copy filtered resources.
2026-03-14 20:55:34,798 [Worker-5] INFO  o.e.m.c.i.embedder.EclipseLogger - skip non existing resourceDirectory F:\Ashish\Final\123\src\main\resources
2026-03-14 20:55:34,800 [Worker-5] INFO  o.e.m.c.i.embedder.EclipseLogger - Using 'UTF-8' encoding to copy filtered resources.
2026-03-14 20:55:34,800 [Worker-5] INFO  o.e.m.c.i.embedder.EclipseLogger - skip non existing resourceDirectory F:\Ashish\Final\123\src\test\resources
2026-03-14 20:55:35,303 [Worker-5] INFO  o.e.m.c.i.embedder.EclipseLogger - Using 'UTF-8' encoding to copy filtered resources.
2026-03-14 20:55:35,303 [Worker-5] INFO  o.e.m.c.i.embedder.EclipseLogger - skip non existing resourceDirectory F:\Ashish\Final\ashishFinalSeleniumFramwork\src\main\resources
2026-03-14 20:55:35,305 [Worker-5] INFO  o.e.m.c.i.embedder.EclipseLogger - Using 'UTF-8' encoding to copy filtered resources.
2026-03-14 20:55:35,305 [Worker-5] INFO  o.e.m.c.i.embedder.EclipseLogger - skip non existing resourceDirectory F:\Ashish\Final\ashishFinalSeleniumFramwork\src\test\resources
2026-03-14 21:00:02,016 [Worker-2] INFO  o.e.m.c.i.l.LifecycleMappingFactory - Using org.eclipse.m2e.jdt.JarLifecycleMapping lifecycle mapping for MavenProject: ashishFinal:ashishFinalSeleniumFramwork:0.0.1-SNAPSHOT @ F:\Ashish\Final\ashishFinalSeleniumFramwork\pom.xml.
2026-03-14 21:00:02,383 [Worker-2] INFO  o.e.m.c.i.embedder.EclipseLogger - Using 'UTF-8' encoding to copy filtered resources.
2026-03-14 21:00:02,387 [Worker-2] INFO  o.e.m.c.i.embedder.EclipseLogger - skip non existing resourceDirectory F:\Ashish\Final\ashishFinalSeleniumFramwork\src\main\resources
2026-03-14 21:00:02,387 [Worker-2] INFO  o.e.m.c.i.embedder.EclipseLogger - Using 'UTF-8' encoding to copy filtered resources.
2026-03-14 21:00:02,387 [Worker-2] INFO  o.e.m.c.i.embedder.EclipseLogger - skip non existing resourceDirectory F:\Ashish\Final\ashishFinalSeleniumFramwork\src\test\resources
2026-03-14 21:00:03,817 [Worker-3] INFO  o.e.m.c.i.embedder.EclipseLogger - Using 'UTF-8' encoding to copy filtered resources.
2026-03-14 21:00:03,817 [Worker-3] INFO  o.e.m.c.i.embedder.EclipseLogger - skip non existing resourceDirectory F:\Ashish\Final\ashishFinalSeleniumFramwork\src\main\resources
2026-03-14 21:00:03,817 [Worker-3] INFO  o.e.m.c.i.embedder.EclipseLogger - Using 'UTF-8' encoding to copy filtered resources.
2026-03-14 21:00:03,817 [Worker-3] INFO  o.e.m.c.i.embedder.EclipseLogger - skip non existing resourceDirectory F:\Ashish\Final\ashishFinalSeleniumFramwork\src\test\resources
2026-03-14 21:00:42,213 [Worker-3] INFO  o.e.m.c.i.p.ProjectConfigurationManager - Update started
2026-03-14 21:00:42,398 [Worker-3] INFO  o.e.m.c.i.l.LifecycleMappingFactory - Using org.eclipse.m2e.jdt.JarLifecycleMapping lifecycle mapping for MavenProject: ashishFinal:ashishFinalSeleniumFramwork:0.0.1-SNAPSHOT @ F:\Ashish\Final\ashishFinalSeleniumFramwork\pom.xml.
2026-03-14 21:00:42,801 [Worker-3] INFO  o.e.m.c.i.l.LifecycleMappingFactory - Using org.eclipse.m2e.jdt.JarLifecycleMapping lifecycle mapping for MavenProject: Testid:123:0.0.1-SNAPSHOT @ F:\Ashish\Final\123\pom.xml.
2026-03-14 21:00:43,198 [Worker-3] WARN  o.e.m.j.i.AbstractJavaProjectConfigurator - Could not determine source level, using default 1.5
2026-03-14 21:00:43,198 [Worker-3] WARN  o.e.m.j.i.AbstractJavaProjectConfigurator - Could not determine target level, using default 1.5
2026-03-14 21:00:43,281 [Worker-3] INFO  o.e.m.j.i.AbstractJavaProjectConfigurator - Adding source folder /ashishFinalSeleniumFramwork/src/main/java
2026-03-14 21:00:43,284 [Worker-3] INFO  o.e.m.j.i.AbstractJavaProjectConfigurator - Adding source folder /ashishFinalSeleniumFramwork/src/test/java
2026-03-14 21:00:43,367 [Worker-3] INFO  o.e.m.c.i.p.ProjectConfigurationManager - Update completed: 1 sec
2026-03-14 21:00:43,629 [Worker-2] INFO  o.e.m.c.i.embedder.EclipseLogger - Using 'UTF-8' encoding to copy filtered resources.
2026-03-14 21:00:43,629 [Worker-2] INFO  o.e.m.c.i.embedder.EclipseLogger - skip non existing resourceDirectory F:\Ashish\Final\123\src\main\resources
2026-03-14 21:00:43,631 [Worker-2] INFO  o.e.m.c.i.embedder.EclipseLogger - Using 'UTF-8' encoding to copy filtered resources.
2026-03-14 21:00:43,631 [Worker-2] INFO  o.e.m.c.i.embedder.EclipseLogger - skip non existing resourceDirectory F:\Ashish\Final\123\src\test\resources
2026-03-14 21:00:43,777 [Worker-2] INFO  o.e.m.c.i.embedder.EclipseLogger - Using 'UTF-8' encoding to copy filtered resources.
2026-03-14 21:00:43,777 [Worker-2] INFO  o.e.m.c.i.embedder.EclipseLogger - skip non existing resourceDirectory F:\Ashish\Final\ashishFinalSeleniumFramwork\src\main\resources
2026-03-14 21:00:43,777 [Worker-2] INFO  o.e.m.c.i.embedder.EclipseLogger - Using 'UTF-8' encoding to copy filtered resources.
2026-03-14 21:00:43,778 [Worker-2] INFO  o.e.m.c.i.embedder.EclipseLogger - skip non existing resourceDirectory F:\Ashish\Final\ashishFinalSeleniumFramwork\src\test\resources
2026-03-14 21:01:00,661 [Worker-6] INFO  o.e.m.i.launch.MavenLaunchDelegate - F:\Ashish\Final\ashishFinalSeleniumFramwork
2026-03-14 21:01:00,661 [Worker-6] INFO  o.e.m.i.launch.MavenLaunchDelegate -  mvn -B clean
2026-03-14 21:01:01,865 [Worker-7] INFO  o.e.m.c.i.embedder.EclipseLogger - Using 'UTF-8' encoding to copy filtered resources.
2026-03-14 21:01:01,865 [Worker-7] INFO  o.e.m.c.i.embedder.EclipseLogger - skip non existing resourceDirectory F:\Ashish\Final\ashishFinalSeleniumFramwork\src\main\resources
2026-03-14 21:01:01,865 [Worker-7] INFO  o.e.m.c.i.embedder.EclipseLogger - Using 'UTF-8' encoding to copy filtered resources.
2026-03-14 21:01:01,865 [Worker-7] INFO  o.e.m.c.i.embedder.EclipseLogger - skip non existing resourceDirectory F:\Ashish\Final\ashishFinalSeleniumFramwork\src\test\resources
2026-03-14 21:03:04,853 [Worker-2] INFO  o.e.m.c.i.embedder.EclipseLogger - Using 'UTF-8' encoding to copy filtered resources.
2026-03-14 21:03:04,853 [Worker-2] INFO  o.e.m.c.i.embedder.EclipseLogger - skip non existing resourceDirectory F:\Ashish\Final\ashishFinalSeleniumFramwork\src\main\resources
2026-03-14 21:03:04,854 [Worker-2] INFO  o.e.m.c.i.embedder.EclipseLogger - Using 'UTF-8' encoding to copy filtered resources.
2026-03-14 21:03:04,854 [Worker-2] INFO  o.e.m.c.i.embedder.EclipseLogger - skip non existing resourceDirectory F:\Ashish\Final\ashishFinalSeleniumFramwork\src\test\resources
2026-03-14 21:03:08,906 [Worker-5] INFO  o.e.m.c.i.embedder.EclipseLogger - Using 'UTF-8' encoding to copy filtered resources.
2026-03-14 21:03:08,906 [Worker-5] INFO  o.e.m.c.i.embedder.EclipseLogger - skip non existing resourceDirectory F:\Ashish\Final\ashishFinalSeleniumFramwork\src\main\resources
2026-03-14 21:03:08,906 [Worker-5] INFO  o.e.m.c.i.embedder.EclipseLogger - Using 'UTF-8' encoding to copy filtered resources.
2026-03-14 21:03:08,906 [Worker-5] INFO  o.e.m.c.i.embedder.EclipseLogger - skip non existing resourceDirectory F:\Ashish\Final\ashishFinalSeleniumFramwork\src\test\resources
2026-03-14 21:07:01,098 [Worker-3] INFO  o.e.m.c.i.p.ProjectConfigurationManager - Update started
2026-03-14 21:07:01,291 [Worker-3] INFO  o.e.m.c.i.l.LifecycleMappingFactory - Using org.eclipse.m2e.jdt.JarLifecycleMapping lifecycle mapping for MavenProject: ashishFinal:ashishFinalSeleniumFramwork:0.0.1-SNAPSHOT @ F:\Ashish\Final\ashishFinalSeleniumFramwork\pom.xml.
2026-03-14 21:07:01,602 [Worker-3] INFO  o.e.m.c.i.l.LifecycleMappingFactory - Using org.eclipse.m2e.jdt.JarLifecycleMapping lifecycle mapping for MavenProject: Testid:123:0.0.1-SNAPSHOT @ F:\Ashish\Final\123\pom.xml.
2026-03-14 21:07:01,935 [Worker-3] WARN  o.e.m.j.i.AbstractJavaProjectConfigurator - Could not determine source level, using default 1.5
2026-03-14 21:07:01,935 [Worker-3] WARN  o.e.m.j.i.AbstractJavaProjectConfigurator - Could not determine target level, using default 1.5
2026-03-14 21:07:02,015 [Worker-3] INFO  o.e.m.j.i.AbstractJavaProjectConfigurator - Adding source folder /ashishFinalSeleniumFramwork/src/main/java
2026-03-14 21:07:02,015 [Worker-3] INFO  o.e.m.j.i.AbstractJavaProjectConfigurator - Adding source folder /ashishFinalSeleniumFramwork/src/test/java
2026-03-14 21:07:02,099 [Worker-3] INFO  o.e.m.c.i.p.ProjectConfigurationManager - Update completed: 1 sec
2026-03-14 21:07:02,350 [Worker-3] INFO  o.e.m.c.i.embedder.EclipseLogger - Using 'UTF-8' encoding to copy filtered resources.
2026-03-14 21:07:02,350 [Worker-3] INFO  o.e.m.c.i.embedder.EclipseLogger - skip non existing resourceDirectory F:\Ashish\Final\123\src\main\resources
2026-03-14 21:07:02,351 [Worker-3] INFO  o.e.m.c.i.embedder.EclipseLogger - Using 'UTF-8' encoding to copy filtered resources.
2026-03-14 21:07:02,352 [Worker-3] INFO  o.e.m.c.i.embedder.EclipseLogger - skip non existing resourceDirectory F:\Ashish\Final\123\src\test\resources
2026-03-14 21:07:02,502 [Worker-3] INFO  o.e.m.c.i.embedder.EclipseLogger - Using 'UTF-8' encoding to copy filtered resources.
2026-03-14 21:07:02,502 [Worker-3] INFO  o.e.m.c.i.embedder.EclipseLogger - skip non existing resourceDirectory F:\Ashish\Final\ashishFinalSeleniumFramwork\src\main\resources
2026-03-14 21:07:02,502 [Worker-3] INFO  o.e.m.c.i.embedder.EclipseLogger - Using 'UTF-8' encoding to copy filtered resources.
2026-03-14 21:07:02,502 [Worker-3] INFO  o.e.m.c.i.embedder.EclipseLogger - skip non existing resourceDirectory F:\Ashish\Final\ashishFinalSeleniumFramwork\src\test\resources
2026-03-14 21:10:32,743 [Worker-12] INFO  o.e.m.c.i.p.ProjectConfigurationManager - Update started
2026-03-14 21:10:32,909 [Worker-12] INFO  o.e.m.c.i.l.LifecycleMappingFactory - Using org.eclipse.m2e.jdt.JarLifecycleMapping lifecycle mapping for MavenProject: ashishFinal:ashishFinalSeleniumFramwork:0.0.1-SNAPSHOT @ F:\Ashish\Final\ashishFinalSeleniumFramwork\pom.xml.
2026-03-14 21:10:33,218 [Worker-12] INFO  o.e.m.c.i.l.LifecycleMappingFactory - Using org.eclipse.m2e.jdt.JarLifecycleMapping lifecycle mapping for MavenProject: Testid:123:0.0.1-SNAPSHOT @ F:\Ashish\Final\123\pom.xml.
2026-03-14 21:10:34,026 [Worker-12] INFO  o.e.m.c.i.e.AbstractTransferListenerAdapter - Downloaded https://repo.maven.apache.org/maven2/org/testng/testng/6.9.10/testng-6.9.10.pom
2026-03-14 21:10:34,144 [Worker-12] INFO  o.e.m.c.i.e.AbstractTransferListenerAdapter - Downloading https://repo.maven.apache.org/maven2/org/testng/testng/6.9.10/testng-6.9.10.jar
2026-03-14 21:10:34,393 [Worker-12] INFO  o.e.m.c.i.e.AbstractTransferListenerAdapter - Downloaded https://repo.maven.apache.org/maven2/org/testng/testng/6.9.10/testng-6.9.10.jar
2026-03-14 21:10:34,599 [Worker-12] WARN  o.e.m.j.i.AbstractJavaProjectConfigurator - Could not determine source level, using default 1.5
2026-03-14 21:10:34,599 [Worker-12] WARN  o.e.m.j.i.AbstractJavaProjectConfigurator - Could not determine target level, using default 1.5
2026-03-14 21:10:34,676 [Worker-12] INFO  o.e.m.j.i.AbstractJavaProjectConfigurator - Adding source folder /ashishFinalSeleniumFramwork/src/main/java
2026-03-14 21:10:34,676 [Worker-12] INFO  o.e.m.j.i.AbstractJavaProjectConfigurator - Adding source folder /ashishFinalSeleniumFramwork/src/test/java
2026-03-14 21:10:34,751 [Worker-12] INFO  o.e.m.c.i.p.ProjectConfigurationManager - Update completed: 2 sec
2026-03-14 21:10:35,061 [Worker-3] INFO  o.e.m.c.i.embedder.EclipseLogger - Using 'UTF-8' encoding to copy filtered resources.
2026-03-14 21:10:35,061 [Worker-3] INFO  o.e.m.c.i.embedder.EclipseLogger - skip non existing resourceDirectory F:\Ashish\Final\123\src\main\resources
2026-03-14 21:10:35,061 [Worker-3] INFO  o.e.m.c.i.embedder.EclipseLogger - Using 'UTF-8' encoding to copy filtered resources.
2026-03-14 21:10:35,061 [Worker-3] INFO  o.e.m.c.i.embedder.EclipseLogger - skip non existing resourceDirectory F:\Ashish\Final\123\src\test\resources
2026-03-14 21:10:35,398 [Worker-3] INFO  o.e.m.c.i.embedder.EclipseLogger - Using 'UTF-8' encoding to copy filtered resources.
2026-03-14 21:10:35,398 [Worker-3] INFO  o.e.m.c.i.embedder.EclipseLogger - skip non existing resourceDirectory F:\Ashish\Final\ashishFinalSeleniumFramwork\src\main\resources
2026-03-14 21:10:35,398 [Worker-3] INFO  o.e.m.c.i.embedder.EclipseLogger - Using 'UTF-8' encoding to copy filtered resources.
2026-03-14 21:10:35,398 [Worker-3] INFO  o.e.m.c.i.embedder.EclipseLogger - skip non existing resourceDirectory F:\Ashish\Final\ashishFinalSeleniumFramwork\src\test\resources
2026-03-14 21:11:40,538 [Worker-16] ERROR o.e.m.j.i.l.MavenLaunchConfigurationListener - Launch configuration Test references non-existing project 123.
org.eclipse.core.runtime.CoreException: Launch configuration Test references non-existing project 123.
	at org.eclipse.jdt.launching.JavaRuntime.abort(JavaRuntime.java:1408) ~[org.eclipse.jdt.launching_3.8.101.v20161111-2014.jar:na]
	at org.eclipse.jdt.launching.JavaRuntime.getJavaProject(JavaRuntime.java:1283) ~[org.eclipse.jdt.launching_3.8.101.v20161111-2014.jar:na]
	at org.eclipse.m2e.jdt.internal.launch.MavenLaunchConfigurationListener.updateLaunchConfiguration(MavenLaunchConfigurationListener.java:53) [org.eclipse.m2e.jdt_1.7.0.20160603-1933.jar:na]
	at org.eclipse.m2e.jdt.internal.launch.MavenLaunchConfigurationListener.launchConfigurationChanged(MavenLaunchConfigurationListener.java:38) [org.eclipse.m2e.jdt_1.7.0.20160603-1933.jar:na]
	at org.eclipse.debug.internal.core.LaunchManager$ConfigurationNotifier.run(LaunchManager.java:226) [org.eclipse.debug.core_3.10.100.v20160419-1720.jar:na]
	at org.eclipse.core.runtime.SafeRunner.run(SafeRunner.java:42) [org.eclipse.equinox.common_3.8.0.v20160509-1230.jar:na]
	at org.eclipse.debug.internal.core.LaunchManager$ConfigurationNotifier.notify(LaunchManager.java:207) [org.eclipse.debug.core_3.10.100.v20160419-1720.jar:na]
	at org.eclipse.debug.internal.core.LaunchConfigurationWorkingCopy.setDirty(LaunchConfigurationWorkingCopy.java:552) [org.eclipse.debug.core_3.10.100.v20160419-1720.jar:na]
	at org.eclipse.debug.internal.core.LaunchConfigurationWorkingCopy.setAttribute(LaunchConfigurationWorkingCopy.java:425) [org.eclipse.debug.core_3.10.100.v20160419-1720.jar:na]
	at org.eclipse.m2e.jdt.internal.launch.MavenRuntimeClasspathProvider.disable(MavenRuntimeClasspathProvider.java:309) [org.eclipse.m2e.jdt_1.7.0.20160603-1933.jar:na]
	at org.eclipse.m2e.jdt.internal.launch.MavenRuntimeClasspathProvider.disable(MavenRuntimeClasspathProvider.java:335) [org.eclipse.m2e.jdt_1.7.0.20160603-1933.jar:na]
	at org.eclipse.m2e.jdt.internal.launch.MavenLaunchConfigurationListener.mavenProjectChanged(MavenLaunchConfigurationListener.java:70) [org.eclipse.m2e.jdt_1.7.0.20160603-1933.jar:na]
	at org.eclipse.m2e.core.internal.project.registry.ProjectRegistryManager.notifyProjectChangeListeners(ProjectRegistryManager.java:783) [org.eclipse.m2e.core_1.7.0.20160603-1933.jar:na]
	at org.eclipse.m2e.core.internal.project.registry.ProjectRegistryManager.applyMutableProjectRegistry(ProjectRegistryManager.java:930) [org.eclipse.m2e.core_1.7.0.20160603-1933.jar:na]
	at org.eclipse.m2e.core.internal.project.registry.ProjectRegistryRefreshJob$1.call(ProjectRegistryRefreshJob.java:98) [org.eclipse.m2e.core_1.7.0.20160603-1933.jar:na]
	at org.eclipse.m2e.core.internal.project.registry.ProjectRegistryRefreshJob$1.call(ProjectRegistryRefreshJob.java:1) [org.eclipse.m2e.core_1.7.0.20160603-1933.jar:na]
	at org.eclipse.m2e.core.internal.embedder.MavenExecutionContext.executeBare(MavenExecutionContext.java:176) [org.eclipse.m2e.core_1.7.0.20160603-1933.jar:na]
	at org.eclipse.m2e.core.internal.embedder.MavenExecutionContext.execute(MavenExecutionContext.java:151) [org.eclipse.m2e.core_1.7.0.20160603-1933.jar:na]
	at org.eclipse.m2e.core.internal.embedder.MavenExecutionContext.execute(MavenExecutionContext.java:99) [org.eclipse.m2e.core_1.7.0.20160603-1933.jar:na]
	at org.eclipse.m2e.core.internal.embedder.MavenImpl.execute(MavenImpl.java:1355) [org.eclipse.m2e.core_1.7.0.20160603-1933.jar:na]
	at org.eclipse.m2e.core.internal.project.registry.ProjectRegistryRefreshJob.run(ProjectRegistryRefreshJob.java:81) [org.eclipse.m2e.core_1.7.0.20160603-1933.jar:na]
	at org.eclipse.core.internal.jobs.Worker.run(Worker.java:55) [org.eclipse.core.jobs_3.8.0.v20160509-0411.jar:na]
2026-03-14 21:11:40,555 [Worker-16] ERROR o.e.m.j.i.l.MavenLaunchConfigurationListener - Launch configuration Test references non-existing project 123.
org.eclipse.core.runtime.CoreException: Launch configuration Test references non-existing project 123.
	at org.eclipse.jdt.launching.JavaRuntime.abort(JavaRuntime.java:1408) ~[org.eclipse.jdt.launching_3.8.101.v20161111-2014.jar:na]
	at org.eclipse.jdt.launching.JavaRuntime.getJavaProject(JavaRuntime.java:1283) ~[org.eclipse.jdt.launching_3.8.101.v20161111-2014.jar:na]
	at org.eclipse.m2e.jdt.internal.launch.MavenLaunchConfigurationListener.updateLaunchConfiguration(MavenLaunchConfigurationListener.java:53) [org.eclipse.m2e.jdt_1.7.0.20160603-1933.jar:na]
	at org.eclipse.m2e.jdt.internal.launch.MavenLaunchConfigurationListener.launchConfigurationChanged(MavenLaunchConfigurationListener.java:38) [org.eclipse.m2e.jdt_1.7.0.20160603-1933.jar:na]
	at org.eclipse.debug.internal.core.LaunchManager$ConfigurationNotifier.run(LaunchManager.java:226) [org.eclipse.debug.core_3.10.100.v20160419-1720.jar:na]
	at org.eclipse.core.runtime.SafeRunner.run(SafeRunner.java:42) [org.eclipse.equinox.common_3.8.0.v20160509-1230.jar:na]
	at org.eclipse.debug.internal.core.LaunchManager$ConfigurationNotifier.notify(LaunchManager.java:207) [org.eclipse.debug.core_3.10.100.v20160419-1720.jar:na]
	at org.eclipse.debug.internal.core.LaunchConfigurationWorkingCopy.setDirty(LaunchConfigurationWorkingCopy.java:552) [org.eclipse.debug.core_3.10.100.v20160419-1720.jar:na]
	at org.eclipse.debug.internal.core.LaunchConfigurationWorkingCopy.setAttribute(LaunchConfigurationWorkingCopy.java:425) [org.eclipse.debug.core_3.10.100.v20160419-1720.jar:na]
	at org.eclipse.m2e.jdt.internal.launch.MavenRuntimeClasspathProvider.disable(MavenRuntimeClasspathProvider.java:310) [org.eclipse.m2e.jdt_1.7.0.20160603-1933.jar:na]
	at org.eclipse.m2e.jdt.internal.launch.MavenRuntimeClasspathProvider.disable(MavenRuntimeClasspathProvider.java:335) [org.eclipse.m2e.jdt_1.7.0.20160603-1933.jar:na]
	at org.eclipse.m2e.jdt.internal.launch.MavenLaunchConfigurationListener.mavenProjectChanged(MavenLaunchConfigurationListener.java:70) [org.eclipse.m2e.jdt_1.7.0.20160603-1933.jar:na]
	at org.eclipse.m2e.core.internal.project.registry.ProjectRegistryManager.notifyProjectChangeListeners(ProjectRegistryManager.java:783) [org.eclipse.m2e.core_1.7.0.20160603-1933.jar:na]
	at org.eclipse.m2e.core.internal.project.registry.ProjectRegistryManager.applyMutableProjectRegistry(ProjectRegistryManager.java:930) [org.eclipse.m2e.core_1.7.0.20160603-1933.jar:na]
	at org.eclipse.m2e.core.internal.project.registry.ProjectRegistryRefreshJob$1.call(ProjectRegistryRefreshJob.java:98) [org.eclipse.m2e.core_1.7.0.20160603-1933.jar:na]
	at org.eclipse.m2e.core.internal.project.registry.ProjectRegistryRefreshJob$1.call(ProjectRegistryRefreshJob.java:1) [org.eclipse.m2e.core_1.7.0.20160603-1933.jar:na]
	at org.eclipse.m2e.core.internal.embedder.MavenExecutionContext.executeBare(MavenExecutionContext.java:176) [org.eclipse.m2e.core_1.7.0.20160603-1933.jar:na]
	at org.eclipse.m2e.core.internal.embedder.MavenExecutionContext.execute(MavenExecutionContext.java:151) [org.eclipse.m2e.core_1.7.0.20160603-1933.jar:na]
	at org.eclipse.m2e.core.internal.embedder.MavenExecutionContext.execute(MavenExecutionContext.java:99) [org.eclipse.m2e.core_1.7.0.20160603-1933.jar:na]
	at org.eclipse.m2e.core.internal.embedder.MavenImpl.execute(MavenImpl.java:1355) [org.eclipse.m2e.core_1.7.0.20160603-1933.jar:na]
	at org.eclipse.m2e.core.internal.project.registry.ProjectRegistryRefreshJob.run(ProjectRegistryRefreshJob.java:81) [org.eclipse.m2e.core_1.7.0.20160603-1933.jar:na]
	at org.eclipse.core.internal.jobs.Worker.run(Worker.java:55) [org.eclipse.core.jobs_3.8.0.v20160509-0411.jar:na]
2026-03-14 21:11:40,565 [Worker-16] ERROR o.e.m.j.i.l.MavenLaunchConfigurationListener - Launch configuration Test references non-existing project 123.
org.eclipse.core.runtime.CoreException: Launch configuration Test references non-existing project 123.
	at org.eclipse.jdt.launching.JavaRuntime.abort(JavaRuntime.java:1408) ~[org.eclipse.jdt.launching_3.8.101.v20161111-2014.jar:na]
	at org.eclipse.jdt.launching.JavaRuntime.getJavaProject(JavaRuntime.java:1283) ~[org.eclipse.jdt.launching_3.8.101.v20161111-2014.jar:na]
	at org.eclipse.m2e.jdt.internal.launch.MavenLaunchConfigurationListener.updateLaunchConfiguration(MavenLaunchConfigurationListener.java:53) [org.eclipse.m2e.jdt_1.7.0.20160603-1933.jar:na]
	at org.eclipse.m2e.jdt.internal.launch.MavenLaunchConfigurationListener.launchConfigurationChanged(MavenLaunchConfigurationListener.java:38) [org.eclipse.m2e.jdt_1.7.0.20160603-1933.jar:na]
	at org.eclipse.debug.internal.core.LaunchManager$ConfigurationNotifier.run(LaunchManager.java:226) [org.eclipse.debug.core_3.10.100.v20160419-1720.jar:na]
	at org.eclipse.core.runtime.SafeRunner.run(SafeRunner.java:42) [org.eclipse.equinox.common_3.8.0.v20160509-1230.jar:na]
	at org.eclipse.debug.internal.core.LaunchManager$ConfigurationNotifier.notify(LaunchManager.java:207) [org.eclipse.debug.core_3.10.100.v20160419-1720.jar:na]
	at org.eclipse.debug.internal.core.LaunchManager.launchConfigurationChanged(LaunchManager.java:2161) [org.eclipse.debug.core_3.10.100.v20160419-1720.jar:na]
	at org.eclipse.debug.internal.core.LaunchConfigurationWorkingCopy.writeNewFile(LaunchConfigurationWorkingCopy.java:384) [org.eclipse.debug.core_3.10.100.v20160419-1720.jar:na]
	at org.eclipse.debug.internal.core.LaunchConfigurationWorkingCopy.doSave0(LaunchConfigurationWorkingCopy.java:250) [org.eclipse.debug.core_3.10.100.v20160419-1720.jar:na]
	at org.eclipse.debug.internal.core.LaunchConfigurationWorkingCopy.doSave(LaunchConfigurationWorkingCopy.java:220) [org.eclipse.debug.core_3.10.100.v20160419-1720.jar:na]
	at org.eclipse.debug.internal.core.LaunchConfigurationWorkingCopy.doSave(LaunchConfigurationWorkingCopy.java:173) [org.eclipse.debug.core_3.10.100.v20160419-1720.jar:na]
	at org.eclipse.m2e.jdt.internal.launch.MavenRuntimeClasspathProvider.disable(MavenRuntimeClasspathProvider.java:311) [org.eclipse.m2e.jdt_1.7.0.20160603-1933.jar:na]
	at org.eclipse.m2e.jdt.internal.launch.MavenRuntimeClasspathProvider.disable(MavenRuntimeClasspathProvider.java:335) [org.eclipse.m2e.jdt_1.7.0.20160603-1933.jar:na]
	at org.eclipse.m2e.jdt.internal.launch.MavenLaunchConfigurationListener.mavenProjectChanged(MavenLaunchConfigurationListener.java:70) [org.eclipse.m2e.jdt_1.7.0.20160603-1933.jar:na]
	at org.eclipse.m2e.core.internal.project.registry.ProjectRegistryManager.notifyProjectChangeListeners(ProjectRegistryManager.java:783) [org.eclipse.m2e.core_1.7.0.20160603-1933.jar:na]
	at org.eclipse.m2e.core.internal.project.registry.ProjectRegistryManager.applyMutableProjectRegistry(ProjectRegistryManager.java:930) [org.eclipse.m2e.core_1.7.0.20160603-1933.jar:na]
	at org.eclipse.m2e.core.internal.project.registry.ProjectRegistryRefreshJob$1.call(ProjectRegistryRefreshJob.java:98) [org.eclipse.m2e.core_1.7.0.20160603-1933.jar:na]
	at org.eclipse.m2e.core.internal.project.registry.ProjectRegistryRefreshJob$1.call(ProjectRegistryRefreshJob.java:1) [org.eclipse.m2e.core_1.7.0.20160603-1933.jar:na]
	at org.eclipse.m2e.core.internal.embedder.MavenExecutionContext.executeBare(MavenExecutionContext.java:176) [org.eclipse.m2e.core_1.7.0.20160603-1933.jar:na]
	at org.eclipse.m2e.core.internal.embedder.MavenExecutionContext.execute(MavenExecutionContext.java:151) [org.eclipse.m2e.core_1.7.0.20160603-1933.jar:na]
	at org.eclipse.m2e.core.internal.embedder.MavenExecutionContext.execute(MavenExecutionContext.java:99) [org.eclipse.m2e.core_1.7.0.20160603-1933.jar:na]
	at org.eclipse.m2e.core.internal.embedder.MavenImpl.execute(MavenImpl.java:1355) [org.eclipse.m2e.core_1.7.0.20160603-1933.jar:na]
	at org.eclipse.m2e.core.internal.project.registry.ProjectRegistryRefreshJob.run(ProjectRegistryRefreshJob.java:81) [org.eclipse.m2e.core_1.7.0.20160603-1933.jar:na]
	at org.eclipse.core.internal.jobs.Worker.run(Worker.java:55) [org.eclipse.core.jobs_3.8.0.v20160509-0411.jar:na]
2026-03-14 21:14:20,971 [main] ERROR o.e.m.editor.pom.MavenPomEditorPage - Resource '/ashishFinalSeleniumFramwork/pom.xml' does not exist.
org.eclipse.core.internal.resources.ResourceException: Resource '/ashishFinalSeleniumFramwork/pom.xml' does not exist.
	at org.eclipse.core.internal.resources.Resource.checkExists(Resource.java:335) ~[org.eclipse.core.resources_3.11.1.v20161107-2032.jar:na]
	at org.eclipse.core.internal.resources.Resource.checkAccessible(Resource.java:209) ~[org.eclipse.core.resources_3.11.1.v20161107-2032.jar:na]
	at org.eclipse.core.internal.resources.Resource.findMarkers(Resource.java:1008) ~[org.eclipse.core.resources_3.11.1.v20161107-2032.jar:na]
	at org.eclipse.m2e.editor.pom.MavenPomEditorPage.doLoadData(MavenPomEditorPage.java:274) [org.eclipse.m2e.editor_1.7.0.20160603-1933.jar:na]
	at org.eclipse.m2e.editor.pom.MavenPomEditorPage.setActive(MavenPomEditorPage.java:226) [org.eclipse.m2e.editor_1.7.0.20160603-1933.jar:na]
	at org.eclipse.ui.forms.editor.FormEditor.pageChange(FormEditor.java:499) [org.eclipse.ui.forms_3.7.1.v20161220-1635.jar:na]
	at org.eclipse.m2e.editor.pom.MavenPomEditor.pageChange(MavenPomEditor.java:379) [org.eclipse.m2e.editor_1.7.0.20160603-1933.jar:na]
	at org.eclipse.ui.part.MultiPageEditorPart$2.widgetSelected(MultiPageEditorPart.java:295) [org.eclipse.ui.workbench_3.108.3.v20170216-1539.jar:na]
	at org.eclipse.swt.widgets.TypedListener.handleEvent(TypedListener.java:249) [org.eclipse.swt.win32.win32.x86_64_3.105.3.v20170228-0512.jar:na]
	at org.eclipse.swt.widgets.EventTable.sendEvent(EventTable.java:84) [org.eclipse.swt.win32.win32.x86_64_3.105.3.v20170228-0512.jar:na]
	at org.eclipse.swt.widgets.Display.sendEvent(Display.java:4418) [org.eclipse.swt.win32.win32.x86_64_3.105.3.v20170228-0512.jar:na]
	at org.eclipse.swt.widgets.Widget.sendEvent(Widget.java:1079) [org.eclipse.swt.win32.win32.x86_64_3.105.3.v20170228-0512.jar:na]
	at org.eclipse.swt.widgets.Widget.sendEvent(Widget.java:1103) [org.eclipse.swt.win32.win32.x86_64_3.105.3.v20170228-0512.jar:na]
	at org.eclipse.swt.widgets.Widget.sendEvent(Widget.java:1088) [org.eclipse.swt.win32.win32.x86_64_3.105.3.v20170228-0512.jar:na]
	at org.eclipse.swt.widgets.Widget.notifyListeners(Widget.java:802) [org.eclipse.swt.win32.win32.x86_64_3.105.3.v20170228-0512.jar:na]
	at org.eclipse.swt.custom.CTabFolder.setSelection(CTabFolder.java:3167) [org.eclipse.swt.win32.win32.x86_64_3.105.3.v20170228-0512.jar:na]
	at org.eclipse.swt.custom.CTabFolder.onMouse(CTabFolder.java:1850) [org.eclipse.swt.win32.win32.x86_64_3.105.3.v20170228-0512.jar:na]
	at org.eclipse.swt.custom.CTabFolder$1.handleEvent(CTabFolder.java:333) [org.eclipse.swt.win32.win32.x86_64_3.105.3.v20170228-0512.jar:na]
	at org.eclipse.swt.widgets.EventTable.sendEvent(EventTable.java:84) [org.eclipse.swt.win32.win32.x86_64_3.105.3.v20170228-0512.jar:na]
	at org.eclipse.swt.widgets.Display.sendEvent(Display.java:4418) [org.eclipse.swt.win32.win32.x86_64_3.105.3.v20170228-0512.jar:na]
	at org.eclipse.swt.widgets.Widget.sendEvent(Widget.java:1079) [org.eclipse.swt.win32.win32.x86_64_3.105.3.v20170228-0512.jar:na]
	at org.eclipse.swt.widgets.Display.runDeferredEvents(Display.java:4236) [org.eclipse.swt.win32.win32.x86_64_3.105.3.v20170228-0512.jar:na]
	at org.eclipse.swt.widgets.Display.readAndDispatch(Display.java:3824) [org.eclipse.swt.win32.win32.x86_64_3.105.3.v20170228-0512.jar:na]
	at org.eclipse.e4.ui.internal.workbench.swt.PartRenderingEngine$4.run(PartRenderingEngine.java:1121) [org.eclipse.e4.ui.workbench.swt_0.14.1.v20160829-0832.jar:na]
	at org.eclipse.core.databinding.observable.Realm.runWithDefault(Realm.java:336) [org.eclipse.core.databinding.observable_1.6.0.v20160511-1747.jar:na]
	at org.eclipse.e4.ui.internal.workbench.swt.PartRenderingEngine.run(PartRenderingEngine.java:1022) [org.eclipse.e4.ui.workbench.swt_0.14.1.v20160829-0832.jar:na]
	at org.eclipse.e4.ui.internal.workbench.E4Workbench.createAndRunUI(E4Workbench.java:150) [org.eclipse.e4.ui.workbench_1.4.0.v20160517-1624.jar:na]
	at org.eclipse.ui.internal.Workbench$5.run(Workbench.java:693) [org.eclipse.ui.workbench_3.108.3.v20170216-1539.jar:na]
	at org.eclipse.core.databinding.observable.Realm.runWithDefault(Realm.java:336) [org.eclipse.core.databinding.observable_1.6.0.v20160511-1747.jar:na]
	at org.eclipse.ui.internal.Workbench.createAndRunWorkbench(Workbench.java:610) [org.eclipse.ui.workbench_3.108.3.v20170216-1539.jar:na]
	at org.eclipse.ui.PlatformUI.createAndRunWorkbench(PlatformUI.java:148) [org.eclipse.ui.workbench_3.108.3.v20170216-1539.jar:na]
	at org.eclipse.ui.internal.ide.application.IDEApplication.start(IDEApplication.java:138) [org.eclipse.ui.ide.application_1.1.101.v20160829-0827.jar:na]
	at org.eclipse.equinox.internal.app.EclipseAppHandle.run(EclipseAppHandle.java:196) [org.eclipse.equinox.app_1.3.400.v20150715-1528.jar:na]
	at org.eclipse.core.runtime.internal.adaptor.EclipseAppLauncher.runApplication(EclipseAppLauncher.java:134) [org.eclipse.osgi_3.11.3.v20170209-1843.jar:na]
	at org.eclipse.core.runtime.internal.adaptor.EclipseAppLauncher.start(EclipseAppLauncher.java:104) [org.eclipse.osgi_3.11.3.v20170209-1843.jar:na]
	at org.eclipse.core.runtime.adaptor.EclipseStarter.run(EclipseStarter.java:388) [org.eclipse.osgi_3.11.3.v20170209-1843.jar:na]
	at org.eclipse.core.runtime.adaptor.EclipseStarter.run(EclipseStarter.java:243) [org.eclipse.osgi_3.11.3.v20170209-1843.jar:na]
	at sun.reflect.NativeMethodAccessorImpl.invoke0(Native Method) ~[na:1.8.0_481]
	at sun.reflect.NativeMethodAccessorImpl.invoke(Unknown Source) ~[na:1.8.0_481]
	at sun.reflect.DelegatingMethodAccessorImpl.invoke(Unknown Source) ~[na:1.8.0_481]
	at java.lang.reflect.Method.invoke(Unknown Source) ~[na:1.8.0_481]
	at org.eclipse.equinox.launcher.Main.invokeFramework(Main.java:673) [org.eclipse.equinox.launcher_1.3.201.v20161025-1711.jar:na]
	at org.eclipse.equinox.launcher.Main.basicRun(Main.java:610) [org.eclipse.equinox.launcher_1.3.201.v20161025-1711.jar:na]
	at org.eclipse.equinox.launcher.Main.run(Main.java:1519) [org.eclipse.equinox.launcher_1.3.201.v20161025-1711.jar:na]
2026-03-14 21:19:46,643 [Worker-9] INFO  o.e.m.c.i.l.LifecycleMappingFactory - Using org.eclipse.m2e.jdt.JarLifecycleMapping lifecycle mapping for MavenProject: ashishFinal:ashishFinalSeleniumFramwork:0.0.1-SNAPSHOT @ F:\Ashish\Final\ashishFinalSeleniumFramwork\pom.xml.
2026-03-14 21:19:47,159 [Worker-9] WARN  o.e.m.j.i.AbstractJavaProjectConfigurator - Could not determine source level, using default 1.5
2026-03-14 21:19:47,159 [Worker-9] WARN  o.e.m.j.i.AbstractJavaProjectConfigurator - Could not determine target level, using default 1.5
2026-03-14 21:19:47,263 [Worker-9] INFO  o.e.m.j.i.AbstractJavaProjectConfigurator - Adding source folder /ashishFinalSeleniumFramwork/src/main/java
2026-03-14 21:19:47,266 [Worker-9] INFO  o.e.m.j.i.AbstractJavaProjectConfigurator - Adding source folder /ashishFinalSeleniumFramwork/src/test/java
2026-03-14 21:19:47,349 [Worker-9] INFO  o.e.m.c.i.p.ProjectConfigurationManager - Imported and configured 1 project(s) in 1 sec
2026-03-14 21:19:47,818 [Worker-1] INFO  o.e.m.c.i.embedder.EclipseLogger - Using 'UTF-8' encoding to copy filtered resources.
2026-03-14 21:19:47,819 [Worker-1] INFO  o.e.m.c.i.embedder.EclipseLogger - skip non existing resourceDirectory F:\Ashish\Final\ashishFinalSeleniumFramwork\src\main\resources
2026-03-14 21:19:47,822 [Worker-1] INFO  o.e.m.c.i.embedder.EclipseLogger - Using 'UTF-8' encoding to copy filtered resources.
2026-03-14 21:19:47,822 [Worker-1] INFO  o.e.m.c.i.embedder.EclipseLogger - skip non existing resourceDirectory F:\Ashish\Final\ashishFinalSeleniumFramwork\src\test\resources
2026-03-14 21:20:10,853 [Worker-9] INFO  o.e.m.c.i.p.ProjectConfigurationManager - Update started
2026-03-14 21:20:11,042 [Worker-9] INFO  o.e.m.c.i.l.LifecycleMappingFactory - Using org.eclipse.m2e.jdt.JarLifecycleMapping lifecycle mapping for MavenProject: ashishFinal:ashishFinalSeleniumFramwork:0.0.1-SNAPSHOT @ F:\Ashish\Final\ashishFinalSeleniumFramwork\pom.xml.
2026-03-14 21:20:11,306 [Worker-9] WARN  o.e.m.j.i.AbstractJavaProjectConfigurator - Could not determine source level, using default 1.5
2026-03-14 21:20:11,306 [Worker-9] WARN  o.e.m.j.i.AbstractJavaProjectConfigurator - Could not determine target level, using default 1.5
2026-03-14 21:20:11,416 [Worker-9] INFO  o.e.m.j.i.AbstractJavaProjectConfigurator - Adding source folder /ashishFinalSeleniumFramwork/src/main/java
2026-03-14 21:20:11,416 [Worker-9] INFO  o.e.m.j.i.AbstractJavaProjectConfigurator - Adding source folder /ashishFinalSeleniumFramwork/src/test/java
2026-03-14 21:20:11,501 [Worker-9] INFO  o.e.m.c.i.p.ProjectConfigurationManager - Update completed: 0 sec
2026-03-14 21:20:11,767 [Worker-3] INFO  o.e.m.c.i.embedder.EclipseLogger - Using 'UTF-8' encoding to copy filtered resources.
2026-03-14 21:20:11,767 [Worker-3] INFO  o.e.m.c.i.embedder.EclipseLogger - skip non existing resourceDirectory F:\Ashish\Final\ashishFinalSeleniumFramwork\src\main\resources
2026-03-14 21:20:11,768 [Worker-3] INFO  o.e.m.c.i.embedder.EclipseLogger - Using 'UTF-8' encoding to copy filtered resources.
2026-03-14 21:20:11,768 [Worker-3] INFO  o.e.m.c.i.embedder.EclipseLogger - skip non existing resourceDirectory F:\Ashish\Final\ashishFinalSeleniumFramwork\src\test\resources
2026-03-14 23:36:34,063 [Worker-3] INFO  o.e.m.c.i.l.LifecycleMappingFactory - Using org.eclipse.m2e.jdt.JarLifecycleMapping lifecycle mapping for MavenProject: ashishFinal:ashishFinalSeleniumFramwork:0.0.1-SNAPSHOT @ F:\Ashish\Final\ashishFinalSeleniumFramwork\pom.xml.
2026-03-14 23:36:37,724 [Worker-3] INFO  o.e.m.c.i.embedder.EclipseLogger - Using 'UTF-8' encoding to copy filtered resources.
2026-03-14 23:36:37,724 [Worker-3] INFO  o.e.m.c.i.embedder.EclipseLogger - skip non existing resourceDirectory F:\Ashish\Final\ashishFinalSeleniumFramwork\src\main\resources
2026-03-14 23:36:37,726 [Worker-3] INFO  o.e.m.c.i.embedder.EclipseLogger - Using 'UTF-8' encoding to copy filtered resources.
2026-03-14 23:36:37,726 [Worker-3] INFO  o.e.m.c.i.embedder.EclipseLogger - skip non existing resourceDirectory F:\Ashish\Final\ashishFinalSeleniumFramwork\src\test\resources
2026-03-15 00:08:40,639 [Worker-4] INFO  o.e.m.c.i.p.ProjectConfigurationManager - Update started
2026-03-15 00:08:42,595 [Worker-4] INFO  o.e.m.c.i.l.LifecycleMappingFactory - Using org.eclipse.m2e.jdt.JarLifecycleMapping lifecycle mapping for MavenProject: ashishFinal:ashishFinalSeleniumFramwork:0.0.1-SNAPSHOT @ F:\Ashish\Final\ashishFinalSeleniumFramwork\pom.xml.
2026-03-15 00:08:46,122 [Worker-4] WARN  o.e.m.j.i.AbstractJavaProjectConfigurator - Could not determine source level, using default 1.5
2026-03-15 00:08:46,122 [Worker-4] WARN  o.e.m.j.i.AbstractJavaProjectConfigurator - Could not determine target level, using default 1.5
2026-03-15 00:08:47,263 [Worker-4] INFO  o.e.m.j.i.AbstractJavaProjectConfigurator - Adding source folder /ashishFinalSeleniumFramwork/src/main/java
2026-03-15 00:08:47,263 [Worker-4] INFO  o.e.m.j.i.AbstractJavaProjectConfigurator - Adding source folder /ashishFinalSeleniumFramwork/src/test/java
2026-03-15 00:08:48,955 [Worker-4] INFO  o.e.m.c.i.p.ProjectConfigurationManager - Update completed: 8 sec
2026-03-15 00:08:49,508 [Worker-8] INFO  o.e.m.c.i.embedder.EclipseLogger - Using 'UTF-8' encoding to copy filtered resources.
2026-03-15 00:08:49,510 [Worker-8] INFO  o.e.m.c.i.embedder.EclipseLogger - skip non existing resourceDirectory F:\Ashish\Final\ashishFinalSeleniumFramwork\src\main\resources
2026-03-15 00:08:49,512 [Worker-8] INFO  o.e.m.c.i.embedder.EclipseLogger - Using 'UTF-8' encoding to copy filtered resources.
2026-03-15 00:08:49,512 [Worker-8] INFO  o.e.m.c.i.embedder.EclipseLogger - skip non existing resourceDirectory F:\Ashish\Final\ashishFinalSeleniumFramwork\src\test\resources
2026-03-15 00:14:18,937 [Worker-9] INFO  o.e.m.i.launch.MavenLaunchDelegate - F:\Ashish\Final\ashishFinalSeleniumFramwork
2026-03-15 00:14:18,939 [Worker-9] INFO  o.e.m.i.launch.MavenLaunchDelegate -  mvn -B clean
2026-03-15 00:14:20,032 [Worker-4] INFO  o.e.m.c.i.embedder.EclipseLogger - Using 'UTF-8' encoding to copy filtered resources.
2026-03-15 00:14:20,032 [Worker-4] INFO  o.e.m.c.i.embedder.EclipseLogger - skip non existing resourceDirectory F:\Ashish\Final\ashishFinalSeleniumFramwork\src\main\resources
2026-03-15 00:14:20,032 [Worker-4] INFO  o.e.m.c.i.embedder.EclipseLogger - Using 'UTF-8' encoding to copy filtered resources.
2026-03-15 00:14:20,032 [Worker-4] INFO  o.e.m.c.i.embedder.EclipseLogger - skip non existing resourceDirectory F:\Ashish\Final\ashishFinalSeleniumFramwork\src\test\resources
2026-03-15 00:14:41,131 [main] INFO  o.e.m2e.actions.ExecutePomAction - Creating new launch configuration
2026-03-15 00:14:47,833 [Worker-9] INFO  o.e.m.i.launch.MavenLaunchDelegate - F:\Ashish\Final\ashishFinalSeleniumFramwork
2026-03-15 00:14:47,833 [Worker-9] INFO  o.e.m.i.launch.MavenLaunchDelegate -  mvn -B 
2026-03-15 00:26:19,961 [Worker-4] INFO  o.e.m.c.i.embedder.EclipseLogger - Using 'UTF-8' encoding to copy filtered resources.
2026-03-15 00:26:19,961 [Worker-4] INFO  o.e.m.c.i.embedder.EclipseLogger - skip non existing resourceDirectory F:\Ashish\Final\ashishFinalSeleniumFramwork\src\main\resources
2026-03-15 00:26:19,961 [Worker-4] INFO  o.e.m.c.i.embedder.EclipseLogger - Using 'UTF-8' encoding to copy filtered resources.
2026-03-15 00:26:19,961 [Worker-4] INFO  o.e.m.c.i.embedder.EclipseLogger - skip non existing resourceDirectory F:\Ashish\Final\ashishFinalSeleniumFramwork\src\test\resources
2026-03-15 00:37:21,421 [Worker-9] INFO  o.e.m.c.i.embedder.EclipseLogger - Using 'UTF-8' encoding to copy filtered resources.
2026-03-15 00:37:21,421 [Worker-9] INFO  o.e.m.c.i.embedder.EclipseLogger - skip non existing resourceDirectory F:\Ashish\Final\ashishFinalSeleniumFramwork\src\main\resources
2026-03-15 00:37:21,421 [Worker-9] INFO  o.e.m.c.i.embedder.EclipseLogger - Using 'UTF-8' encoding to copy filtered resources.
2026-03-15 00:37:21,421 [Worker-9] INFO  o.e.m.c.i.embedder.EclipseLogger - skip non existing resourceDirectory F:\Ashish\Final\ashishFinalSeleniumFramwork\src\test\resources
2026-03-15 00:37:49,236 [Worker-7] INFO  o.e.m.c.i.p.ProjectConfigurationManager - Update started
2026-03-15 00:37:49,471 [Worker-7] INFO  o.e.m.c.i.l.LifecycleMappingFactory - Using org.eclipse.m2e.jdt.JarLifecycleMapping lifecycle mapping for MavenProject: ashishFinal:ashishFinalSeleniumFramwork:0.0.1-SNAPSHOT @ F:\Ashish\Final\ashishFinalSeleniumFramwork\pom.xml.
2026-03-15 00:37:49,800 [Worker-7] WARN  o.e.m.j.i.AbstractJavaProjectConfigurator - Could not determine source level, using default 1.5
2026-03-15 00:37:49,800 [Worker-7] WARN  o.e.m.j.i.AbstractJavaProjectConfigurator - Could not determine target level, using default 1.5
2026-03-15 00:37:49,925 [Worker-7] INFO  o.e.m.j.i.AbstractJavaProjectConfigurator - Adding source folder /ashishFinalSeleniumFramwork/src/main/java
2026-03-15 00:37:49,926 [Worker-7] INFO  o.e.m.j.i.AbstractJavaProjectConfigurator - Adding source folder /ashishFinalSeleniumFramwork/src/test/java
2026-03-15 00:37:50,015 [Worker-7] INFO  o.e.m.c.i.p.ProjectConfigurationManager - Update completed: 0 sec
2026-03-15 00:37:50,283 [Worker-1] INFO  o.e.m.c.i.embedder.EclipseLogger - Using 'UTF-8' encoding to copy filtered resources.
2026-03-15 00:37:50,283 [Worker-1] INFO  o.e.m.c.i.embedder.EclipseLogger - skip non existing resourceDirectory F:\Ashish\Final\ashishFinalSeleniumFramwork\src\main\resources
2026-03-15 00:37:50,283 [Worker-1] INFO  o.e.m.c.i.embedder.EclipseLogger - Using 'UTF-8' encoding to copy filtered resources.
2026-03-15 00:37:50,283 [Worker-1] INFO  o.e.m.c.i.embedder.EclipseLogger - skip non existing resourceDirectory F:\Ashish\Final\ashishFinalSeleniumFramwork\src\test\resources
2026-03-15 00:38:00,015 [main] INFO  o.e.m2e.actions.ExecutePomAction - Creating new launch configuration
2026-03-15 00:38:06,358 [Worker-4] INFO  o.e.m.i.launch.MavenLaunchDelegate - F:\Ashish\Final\ashishFinalSeleniumFramwork
2026-03-15 00:38:06,358 [Worker-4] INFO  o.e.m.i.launch.MavenLaunchDelegate -  mvn -B Test
2026-03-15 00:38:31,931 [Worker-1] INFO  o.e.m.i.launch.MavenLaunchDelegate - F:\Ashish\Final\ashishFinalSeleniumFramwork
2026-03-15 00:38:31,931 [Worker-1] INFO  o.e.m.i.launch.MavenLaunchDelegate -  mvn -B test
2026-03-15 00:38:33,690 [Worker-9] INFO  o.e.m.c.i.embedder.EclipseLogger - Using 'UTF-8' encoding to copy filtered resources.
2026-03-15 00:38:33,690 [Worker-9] INFO  o.e.m.c.i.embedder.EclipseLogger - skip non existing resourceDirectory F:\Ashish\Final\ashishFinalSeleniumFramwork\src\main\resources
2026-03-15 00:38:33,706 [Worker-9] INFO  o.e.m.c.i.embedder.EclipseLogger - Using 'UTF-8' encoding to copy filtered resources.
2026-03-15 00:38:33,706 [Worker-9] INFO  o.e.m.c.i.embedder.EclipseLogger - skip non existing resourceDirectory F:\Ashish\Final\ashishFinalSeleniumFramwork\src\test\resources
2026-03-15 00:42:19,211 [Worker-4] INFO  o.e.m.c.i.embedder.EclipseLogger - Using 'UTF-8' encoding to copy filtered resources.
2026-03-15 00:42:19,211 [Worker-4] INFO  o.e.m.c.i.embedder.EclipseLogger - skip non existing resourceDirectory F:\Ashish\Final\ashishFinalSeleniumFramwork\src\main\resources
2026-03-15 00:42:19,212 [Worker-4] INFO  o.e.m.c.i.embedder.EclipseLogger - Using 'UTF-8' encoding to copy filtered resources.
2026-03-15 00:42:19,212 [Worker-4] INFO  o.e.m.c.i.embedder.EclipseLogger - skip non existing resourceDirectory F:\Ashish\Final\ashishFinalSeleniumFramwork\src\test\resources
2026-03-15 00:42:34,751 [Worker-7] INFO  o.e.m.c.i.p.ProjectConfigurationManager - Update started
2026-03-15 00:42:34,924 [Worker-7] INFO  o.e.m.c.i.l.LifecycleMappingFactory - Using org.eclipse.m2e.jdt.JarLifecycleMapping lifecycle mapping for MavenProject: ashishFinal:ashishFinalSeleniumFramwork:0.0.1-SNAPSHOT @ F:\Ashish\Final\ashishFinalSeleniumFramwork\pom.xml.
2026-03-15 00:42:35,170 [Worker-7] WARN  o.e.m.j.i.AbstractJavaProjectConfigurator - Could not determine source level, using default 1.5
2026-03-15 00:42:35,172 [Worker-7] WARN  o.e.m.j.i.AbstractJavaProjectConfigurator - Could not determine target level, using default 1.5
2026-03-15 00:42:35,321 [Worker-7] INFO  o.e.m.j.i.AbstractJavaProjectConfigurator - Adding source folder /ashishFinalSeleniumFramwork/src/main/java
2026-03-15 00:42:35,322 [Worker-7] INFO  o.e.m.j.i.AbstractJavaProjectConfigurator - Adding source folder /ashishFinalSeleniumFramwork/src/test/java
2026-03-15 00:42:35,418 [Worker-7] INFO  o.e.m.c.i.p.ProjectConfigurationManager - Update completed: 0 sec
2026-03-15 00:42:35,646 [Worker-4] INFO  o.e.m.c.i.embedder.EclipseLogger - Using 'UTF-8' encoding to copy filtered resources.
2026-03-15 00:42:35,646 [Worker-4] INFO  o.e.m.c.i.embedder.EclipseLogger - skip non existing resourceDirectory F:\Ashish\Final\ashishFinalSeleniumFramwork\src\main\resources
2026-03-15 00:42:35,648 [Worker-4] INFO  o.e.m.c.i.embedder.EclipseLogger - Using 'UTF-8' encoding to copy filtered resources.
2026-03-15 00:42:35,649 [Worker-4] INFO  o.e.m.c.i.embedder.EclipseLogger - skip non existing resourceDirectory F:\Ashish\Final\ashishFinalSeleniumFramwork\src\test\resources
2026-03-15 00:45:22,939 [Worker-2] INFO  o.e.m.c.i.embedder.EclipseLogger - Using 'UTF-8' encoding to copy filtered resources.
2026-03-15 00:45:22,961 [Worker-2] INFO  o.e.m.c.i.embedder.EclipseLogger - skip non existing resourceDirectory F:\Ashish\Final\ashishFinalSeleniumFramwork\src\main\resources
2026-03-15 00:45:22,966 [Worker-2] INFO  o.e.m.c.i.embedder.EclipseLogger - Using 'UTF-8' encoding to copy filtered resources.
2026-03-15 00:45:22,967 [Worker-2] INFO  o.e.m.c.i.embedder.EclipseLogger - skip non existing resourceDirectory F:\Ashish\Final\ashishFinalSeleniumFramwork\src\test\resources
2026-03-15 00:49:38,141 [Worker-3] INFO  o.e.m.c.i.embedder.EclipseLogger - Using 'UTF-8' encoding to copy filtered resources.
2026-03-15 00:49:38,141 [Worker-3] INFO  o.e.m.c.i.embedder.EclipseLogger - skip non existing resourceDirectory F:\Ashish\Final\ashishFinalSeleniumFramwork\src\main\resources
2026-03-15 00:49:38,142 [Worker-3] INFO  o.e.m.c.i.embedder.EclipseLogger - Using 'UTF-8' encoding to copy filtered resources.
2026-03-15 00:49:38,142 [Worker-3] INFO  o.e.m.c.i.embedder.EclipseLogger - skip non existing resourceDirectory F:\Ashish\Final\ashishFinalSeleniumFramwork\src\test\resources
2026-03-15 00:49:55,157 [Worker-3] INFO  o.e.m.c.i.embedder.EclipseLogger - Using 'UTF-8' encoding to copy filtered resources.
2026-03-15 00:49:55,159 [Worker-3] INFO  o.e.m.c.i.embedder.EclipseLogger - skip non existing resourceDirectory F:\Ashish\Final\ashishFinalSeleniumFramwork\src\main\resources
2026-03-15 00:49:55,160 [Worker-3] INFO  o.e.m.c.i.embedder.EclipseLogger - Using 'UTF-8' encoding to copy filtered resources.
2026-03-15 00:49:55,160 [Worker-3] INFO  o.e.m.c.i.embedder.EclipseLogger - skip non existing resourceDirectory F:\Ashish\Final\ashishFinalSeleniumFramwork\src\test\resources
2026-03-15 00:50:16,177 [Worker-4] INFO  o.e.m.c.i.embedder.EclipseLogger - Using 'UTF-8' encoding to copy filtered resources.
2026-03-15 00:50:16,178 [Worker-4] INFO  o.e.m.c.i.embedder.EclipseLogger - skip non existing resourceDirectory F:\Ashish\Final\ashishFinalSeleniumFramwork\src\main\resources
2026-03-15 00:50:16,180 [Worker-4] INFO  o.e.m.c.i.embedder.EclipseLogger - Using 'UTF-8' encoding to copy filtered resources.
2026-03-15 00:50:16,180 [Worker-4] INFO  o.e.m.c.i.embedder.EclipseLogger - skip non existing resourceDirectory F:\Ashish\Final\ashishFinalSeleniumFramwork\src\test\resources
2026-03-15 00:51:05,322 [Worker-8] INFO  o.e.m.c.i.embedder.EclipseLogger - Using 'UTF-8' encoding to copy filtered resources.
2026-03-15 00:51:05,322 [Worker-8] INFO  o.e.m.c.i.embedder.EclipseLogger - skip non existing resourceDirectory F:\Ashish\Final\ashishFinalSeleniumFramwork\src\main\resources
2026-03-15 00:51:05,323 [Worker-8] INFO  o.e.m.c.i.embedder.EclipseLogger - Using 'UTF-8' encoding to copy filtered resources.
2026-03-15 00:51:05,323 [Worker-8] INFO  o.e.m.c.i.embedder.EclipseLogger - skip non existing resourceDirectory F:\Ashish\Final\ashishFinalSeleniumFramwork\src\test\resources
2026-03-15 00:53:32,299 [main] ERROR o.e.m2e.editor.pom.OverviewPage - Failed to populate overview panel
java.lang.NullPointerException: null
	at org.eclipse.m2e.core.ui.internal.editing.PomEdits.performOnDOMDocument(PomEdits.java:510) ~[org.eclipse.m2e.core.ui_1.7.0.20160603-1933.jar:na]
	at org.eclipse.m2e.editor.pom.OverviewPage$17.run(OverviewPage.java:1129) ~[na:na]
	at org.eclipse.swt.widgets.RunnableLock.run(RunnableLock.java:35) [org.eclipse.swt.win32.win32.x86_64_3.105.3.v20170228-0512.jar:na]
	at org.eclipse.swt.widgets.Synchronizer.runAsyncMessages(Synchronizer.java:182) [org.eclipse.swt.win32.win32.x86_64_3.105.3.v20170228-0512.jar:na]
	at org.eclipse.swt.widgets.Display.runAsyncMessages(Display.java:4211) [org.eclipse.swt.win32.win32.x86_64_3.105.3.v20170228-0512.jar:na]
	at org.eclipse.swt.widgets.Display.readAndDispatch(Display.java:3827) [org.eclipse.swt.win32.win32.x86_64_3.105.3.v20170228-0512.jar:na]
	at org.eclipse.e4.ui.internal.workbench.swt.PartRenderingEngine$4.run(PartRenderingEngine.java:1121) [org.eclipse.e4.ui.workbench.swt_0.14.1.v20160829-0832.jar:na]
	at org.eclipse.core.databinding.observable.Realm.runWithDefault(Realm.java:336) [org.eclipse.core.databinding.observable_1.6.0.v20160511-1747.jar:na]
	at org.eclipse.e4.ui.internal.workbench.swt.PartRenderingEngine.run(PartRenderingEngine.java:1022) [org.eclipse.e4.ui.workbench.swt_0.14.1.v20160829-0832.jar:na]
	at org.eclipse.e4.ui.internal.workbench.E4Workbench.createAndRunUI(E4Workbench.java:150) [org.eclipse.e4.ui.workbench_1.4.0.v20160517-1624.jar:na]
	at org.eclipse.ui.internal.Workbench$5.run(Workbench.java:693) [org.eclipse.ui.workbench_3.108.3.v20170216-1539.jar:na]
	at org.eclipse.core.databinding.observable.Realm.runWithDefault(Realm.java:336) [org.eclipse.core.databinding.observable_1.6.0.v20160511-1747.jar:na]
	at org.eclipse.ui.internal.Workbench.createAndRunWorkbench(Workbench.java:610) [org.eclipse.ui.workbench_3.108.3.v20170216-1539.jar:na]
	at org.eclipse.ui.PlatformUI.createAndRunWorkbench(PlatformUI.java:148) [org.eclipse.ui.workbench_3.108.3.v20170216-1539.jar:na]
	at org.eclipse.ui.internal.ide.application.IDEApplication.start(IDEApplication.java:138) [org.eclipse.ui.ide.application_1.1.101.v20160829-0827.jar:na]
	at org.eclipse.equinox.internal.app.EclipseAppHandle.run(EclipseAppHandle.java:196) [org.eclipse.equinox.app_1.3.400.v20150715-1528.jar:na]
	at org.eclipse.core.runtime.internal.adaptor.EclipseAppLauncher.runApplication(EclipseAppLauncher.java:134) [org.eclipse.osgi_3.11.3.v20170209-1843.jar:na]
	at org.eclipse.core.runtime.internal.adaptor.EclipseAppLauncher.start(EclipseAppLauncher.java:104) [org.eclipse.osgi_3.11.3.v20170209-1843.jar:na]
	at org.eclipse.core.runtime.adaptor.EclipseStarter.run(EclipseStarter.java:388) [org.eclipse.osgi_3.11.3.v20170209-1843.jar:na]
	at org.eclipse.core.runtime.adaptor.EclipseStarter.run(EclipseStarter.java:243) [org.eclipse.osgi_3.11.3.v20170209-1843.jar:na]
	at sun.reflect.NativeMethodAccessorImpl.invoke0(Native Method) ~[na:1.8.0_482]
	at sun.reflect.NativeMethodAccessorImpl.invoke(NativeMethodAccessorImpl.java:62) ~[na:1.8.0_482]
	at sun.reflect.DelegatingMethodAccessorImpl.invoke(DelegatingMethodAccessorImpl.java:43) ~[na:1.8.0_482]
	at java.lang.reflect.Method.invoke(Method.java:498) ~[na:1.8.0_482]
	at org.eclipse.equinox.launcher.Main.invokeFramework(Main.java:673) [org.eclipse.equinox.launcher_1.3.201.v20161025-1711.jar:na]
	at org.eclipse.equinox.launcher.Main.basicRun(Main.java:610) [org.eclipse.equinox.launcher_1.3.201.v20161025-1711.jar:na]
	at org.eclipse.equinox.launcher.Main.run(Main.java:1519) [org.eclipse.equinox.launcher_1.3.201.v20161025-1711.jar:na]
2026-03-15 00:53:32,321 [main] ERROR o.e.m2e.editor.pom.OverviewPage - Failed to populate overview panel
java.lang.NullPointerException: null
	at org.eclipse.m2e.core.ui.internal.editing.PomEdits.performOnDOMDocument(PomEdits.java:510) ~[org.eclipse.m2e.core.ui_1.7.0.20160603-1933.jar:na]
	at org.eclipse.m2e.editor.pom.OverviewPage$17.run(OverviewPage.java:1129) ~[na:na]
	at org.eclipse.swt.widgets.RunnableLock.run(RunnableLock.java:35) [org.eclipse.swt.win32.win32.x86_64_3.105.3.v20170228-0512.jar:na]
	at org.eclipse.swt.widgets.Synchronizer.runAsyncMessages(Synchronizer.java:182) [org.eclipse.swt.win32.win32.x86_64_3.105.3.v20170228-0512.jar:na]
	at org.eclipse.swt.widgets.Display.runAsyncMessages(Display.java:4211) [org.eclipse.swt.win32.win32.x86_64_3.105.3.v20170228-0512.jar:na]
	at org.eclipse.swt.widgets.Display.readAndDispatch(Display.java:3827) [org.eclipse.swt.win32.win32.x86_64_3.105.3.v20170228-0512.jar:na]
	at org.eclipse.e4.ui.internal.workbench.swt.PartRenderingEngine$4.run(PartRenderingEngine.java:1121) [org.eclipse.e4.ui.workbench.swt_0.14.1.v20160829-0832.jar:na]
	at org.eclipse.core.databinding.observable.Realm.runWithDefault(Realm.java:336) [org.eclipse.core.databinding.observable_1.6.0.v20160511-1747.jar:na]
	at org.eclipse.e4.ui.internal.workbench.swt.PartRenderingEngine.run(PartRenderingEngine.java:1022) [org.eclipse.e4.ui.workbench.swt_0.14.1.v20160829-0832.jar:na]
	at org.eclipse.e4.ui.internal.workbench.E4Workbench.createAndRunUI(E4Workbench.java:150) [org.eclipse.e4.ui.workbench_1.4.0.v20160517-1624.jar:na]
	at org.eclipse.ui.internal.Workbench$5.run(Workbench.java:693) [org.eclipse.ui.workbench_3.108.3.v20170216-1539.jar:na]
	at org.eclipse.core.databinding.observable.Realm.runWithDefault(Realm.java:336) [org.eclipse.core.databinding.observable_1.6.0.v20160511-1747.jar:na]
	at org.eclipse.ui.internal.Workbench.createAndRunWorkbench(Workbench.java:610) [org.eclipse.ui.workbench_3.108.3.v20170216-1539.jar:na]
	at org.eclipse.ui.PlatformUI.createAndRunWorkbench(PlatformUI.java:148) [org.eclipse.ui.workbench_3.108.3.v20170216-1539.jar:na]
	at org.eclipse.ui.internal.ide.application.IDEApplication.start(IDEApplication.java:138) [org.eclipse.ui.ide.application_1.1.101.v20160829-0827.jar:na]
	at org.eclipse.equinox.internal.app.EclipseAppHandle.run(EclipseAppHandle.java:196) [org.eclipse.equinox.app_1.3.400.v20150715-1528.jar:na]
	at org.eclipse.core.runtime.internal.adaptor.EclipseAppLauncher.runApplication(EclipseAppLauncher.java:134) [org.eclipse.osgi_3.11.3.v20170209-1843.jar:na]
	at org.eclipse.core.runtime.internal.adaptor.EclipseAppLauncher.start(EclipseAppLauncher.java:104) [org.eclipse.osgi_3.11.3.v20170209-1843.jar:na]
	at org.eclipse.core.runtime.adaptor.EclipseStarter.run(EclipseStarter.java:388) [org.eclipse.osgi_3.11.3.v20170209-1843.jar:na]
	at org.eclipse.core.runtime.adaptor.EclipseStarter.run(EclipseStarter.java:243) [org.eclipse.osgi_3.11.3.v20170209-1843.jar:na]
	at sun.reflect.NativeMethodAccessorImpl.invoke0(Native Method) ~[na:1.8.0_482]
	at sun.reflect.NativeMethodAccessorImpl.invoke(NativeMethodAccessorImpl.java:62) ~[na:1.8.0_482]
	at sun.reflect.DelegatingMethodAccessorImpl.invoke(DelegatingMethodAccessorImpl.java:43) ~[na:1.8.0_482]
	at java.lang.reflect.Method.invoke(Method.java:498) ~[na:1.8.0_482]
	at org.eclipse.equinox.launcher.Main.invokeFramework(Main.java:673) [org.eclipse.equinox.launcher_1.3.201.v20161025-1711.jar:na]
	at org.eclipse.equinox.launcher.Main.basicRun(Main.java:610) [org.eclipse.equinox.launcher_1.3.201.v20161025-1711.jar:na]
	at org.eclipse.equinox.launcher.Main.run(Main.java:1519) [org.eclipse.equinox.launcher_1.3.201.v20161025-1711.jar:na]
2026-03-15 00:59:37,709 [Worker-2] INFO  o.e.m.c.i.embedder.EclipseLogger - Using 'UTF-8' encoding to copy filtered resources.
2026-03-15 00:59:37,710 [Worker-2] INFO  o.e.m.c.i.embedder.EclipseLogger - skip non existing resourceDirectory F:\Ashish\Final\ashishFinalSeleniumFramwork\src\main\resources
2026-03-15 00:59:37,713 [Worker-2] INFO  o.e.m.c.i.embedder.EclipseLogger - Using 'UTF-8' encoding to copy filtered resources.
2026-03-15 00:59:37,713 [Worker-2] INFO  o.e.m.c.i.embedder.EclipseLogger - skip non existing resourceDirectory F:\Ashish\Final\ashishFinalSeleniumFramwork\src\test\resources
2026-03-15 01:02:17,727 [Worker-10] INFO  o.e.m.c.i.embedder.EclipseLogger - Using 'UTF-8' encoding to copy filtered resources.
2026-03-15 01:02:17,727 [Worker-10] INFO  o.e.m.c.i.embedder.EclipseLogger - skip non existing resourceDirectory F:\Ashish\Final\ashishFinalSeleniumFramwork\src\main\resources
2026-03-15 01:02:17,731 [Worker-10] INFO  o.e.m.c.i.embedder.EclipseLogger - Using 'UTF-8' encoding to copy filtered resources.
2026-03-15 01:02:17,731 [Worker-10] INFO  o.e.m.c.i.embedder.EclipseLogger - skip non existing resourceDirectory F:\Ashish\Final\ashishFinalSeleniumFramwork\src\test\resources
2026-03-15 01:04:20,293 [Worker-10] INFO  o.e.m.c.i.embedder.EclipseLogger - Using 'UTF-8' encoding to copy filtered resources.
2026-03-15 01:04:20,294 [Worker-10] INFO  o.e.m.c.i.embedder.EclipseLogger - skip non existing resourceDirectory F:\Ashish\Final\ashishFinalSeleniumFramwork\src\main\resources
2026-03-15 01:04:20,295 [Worker-10] INFO  o.e.m.c.i.embedder.EclipseLogger - Using 'UTF-8' encoding to copy filtered resources.
2026-03-15 01:04:20,295 [Worker-10] INFO  o.e.m.c.i.embedder.EclipseLogger - skip non existing resourceDirectory F:\Ashish\Final\ashishFinalSeleniumFramwork\src\test\resources
2026-03-15 01:09:36,958 [Worker-3] INFO  o.e.m.c.i.embedder.EclipseLogger - Using 'UTF-8' encoding to copy filtered resources.
2026-03-15 01:09:36,961 [Worker-3] INFO  o.e.m.c.i.embedder.EclipseLogger - skip non existing resourceDirectory F:\Ashish\Final\ashishFinalSeleniumFramwork\src\main\resources
2026-03-15 01:09:36,962 [Worker-3] INFO  o.e.m.c.i.embedder.EclipseLogger - Using 'UTF-8' encoding to copy filtered resources.
2026-03-15 01:09:36,963 [Worker-3] INFO  o.e.m.c.i.embedder.EclipseLogger - skip non existing resourceDirectory F:\Ashish\Final\ashishFinalSeleniumFramwork\src\test\resources
2026-03-15 01:19:15,333 [Worker-7] INFO  o.e.m.c.i.embedder.EclipseLogger - Using 'UTF-8' encoding to copy filtered resources.
2026-03-15 01:19:15,334 [Worker-7] INFO  o.e.m.c.i.embedder.EclipseLogger - skip non existing resourceDirectory F:\Ashish\Final\ashishFinalSeleniumFramwork\src\main\resources
2026-03-15 01:19:15,336 [Worker-7] INFO  o.e.m.c.i.embedder.EclipseLogger - Using 'UTF-8' encoding to copy filtered resources.
2026-03-15 01:19:15,336 [Worker-7] INFO  o.e.m.c.i.embedder.EclipseLogger - skip non existing resourceDirectory F:\Ashish\Final\ashishFinalSeleniumFramwork\src\test\resources
2026-03-15 01:20:10,587 [Worker-5] INFO  o.e.m.c.i.embedder.EclipseLogger - Using 'UTF-8' encoding to copy filtered resources.
2026-03-15 01:20:10,588 [Worker-5] INFO  o.e.m.c.i.embedder.EclipseLogger - skip non existing resourceDirectory F:\Ashish\Final\ashishFinalSeleniumFramwork\src\main\resources
2026-03-15 01:20:10,589 [Worker-5] INFO  o.e.m.c.i.embedder.EclipseLogger - Using 'UTF-8' encoding to copy filtered resources.
2026-03-15 01:20:10,589 [Worker-5] INFO  o.e.m.c.i.embedder.EclipseLogger - skip non existing resourceDirectory F:\Ashish\Final\ashishFinalSeleniumFramwork\src\test\resources
2026-03-15 01:20:35,367 [Worker-13] INFO  o.e.m.c.i.embedder.EclipseLogger - Using 'UTF-8' encoding to copy filtered resources.
2026-03-15 01:20:35,368 [Worker-13] INFO  o.e.m.c.i.embedder.EclipseLogger - skip non existing resourceDirectory F:\Ashish\Final\ashishFinalSeleniumFramwork\src\main\resources
2026-03-15 01:20:35,369 [Worker-13] INFO  o.e.m.c.i.embedder.EclipseLogger - Using 'UTF-8' encoding to copy filtered resources.
2026-03-15 01:20:35,370 [Worker-13] INFO  o.e.m.c.i.embedder.EclipseLogger - skip non existing resourceDirectory F:\Ashish\Final\ashishFinalSeleniumFramwork\src\test\resources
